02300001,Load Tester,load1@example.edu,BIT
02300002,Load Tester,load2@example.edu,BIT
02300003,Load Tester,load3@example.edu,BIT
02300004,Load Tester,load4@example.edu,BIT
02300005,Load Tester,load5@example.edu,BIT
02300006,Load Tester,load6@example.edu,BIT
02300007,Load Tester,load7@example.edu,BIT
02300008,Load Tester,load8@example.edu,BIT
02300009,Load Tester,load9@example.edu,BIT
02300010,Load Tester,load10@example.edu,BIT
02300011,Load Tester,load11@example.edu,BIT
02300012,Load Tester,load12@example.edu,BIT
02300013,Load Tester,load13@example.edu,BIT
02300014,Load Tester,load14@example.edu,BIT
02300015,Load Tester,load15@example.edu,BIT
02300016,Load Tester,load16@example.edu,BIT
02300017,Load Tester,load17@example.edu,BIT
02300018,Load Tester,load18@example.edu,BIT
02300019,Load Tester,load19@example.edu,BIT
02300020,Load Tester,load20@example.edu,BIT
02300021,Load Tester,load21@example.edu,BIT
02300022,Load Tester,load22@example.edu,BIT
02300023,Load Tester,load23@example.edu,BIT
02300024,Load Tester,load24@example.edu,BIT
02300025,Load Tester,load25@example.edu,BIT
02300026,Load Tester,load26@example.edu,BIT
02300027,Load Tester,load27@example.edu,BIT
02300028,Load Tester,load28@example.edu,BIT
02300029,Load Tester,load29@example.edu,BIT
02300030,Load Tester,load30@example.edu,BIT
02300031,Load Tester,load31@example.edu,BIT
02300032,Load Tester,load32@example.edu,BIT
02300033,Load Tester,load33@example.edu,BIT
02300034,Load Tester,load34@example.edu,BIT
02300035,Load Tester,load35@example.edu,BIT
02300036,Load Tester,load36@example.edu,BIT
02300037,Load Tester,load37@example.edu,BIT
02300038,Load Tester,load38@example.edu,BIT
02300039,Load Tester,load39@example.edu,BIT
02300040,Load Tester,load40@example.edu,BIT
02300041,Load Tester,load41@example.edu,BIT
02300042,Load Tester,load42@example.edu,BIT
02300043,Load Tester,load43@example.edu,BIT
02300044,Load Tester,load44@example.edu,BIT
02300045,Load Tester,load45@example.edu,BIT
02300046,Load Tester,load46@example.edu,BIT
02300047,Load Tester,load47@example.edu,BIT
02300048,Load Tester,load48@example.edu,BIT
02300049,Load Tester,load49@example.edu,BIT
02300050,Load Tester,load50@example.edu,BIT
02300051,Load Tester,load51@example.edu,BIT
02300052,Load Tester,load52@example.edu,BIT
02300053,Load Tester,load53@example.edu,BIT
02300054,Load Tester,load54@example.edu,BIT
02300055,Load Tester,load55@example.edu,BIT
02300056,Load Tester,load56@example.edu,BIT
02300057,Load Tester,load57@example.edu,BIT
02300058,Load Tester,load58@example.edu,BIT
02300059,Load Tester,load59@example.edu,BIT
02300060,Load Tester,load60@example.edu,BIT
02300061,Load Tester,load61@example.edu,BIT
02300062,Load Tester,load62@example.edu,BIT
02300063,Load Tester,load63@example.edu,BIT
02300064,Load Tester,load64@example.edu,BIT
02300065,Load Tester,load65@example.edu,BIT
02300066,Load Tester,load66@example.edu,BIT
02300067,Load Tester,load67@example.edu,BIT
02300068,Load Tester,load68@example.edu,BIT
02300069,Load Tester,load69@example.edu,BIT
02300070,Load Tester,load70@example.edu,BIT
02300071,Load Tester,load71@example.edu,BIT
02300072,Load Tester,load72@example.edu,BIT
02300073,Load Tester,load73@example.edu,BIT
02300074,Load Tester,load74@example.edu,BIT
02300075,Load Tester,load75@example.edu,BIT
02300076,Load Tester,load76@example.edu,BIT
02300077,Load Tester,load77@example.edu,BIT
02300078,Load Tester,load78@example.edu,BIT
02300079,Load Tester,load79@example.edu,BIT
02300080,Load Tester,load80@example.edu,BIT
02300081,Load Tester,load81@example.edu,BIT
02300082,Load Tester,load82@example.edu,BIT
02300083,Load Tester,load83@example.edu,BIT
02300084,Load Tester,load84@example.edu,BIT
02300085,Load Tester,load85@example.edu,BIT
02300086,Load Tester,load86@example.edu,BIT
02300087,Load Tester,load87@example.edu,BIT
02300088,Load Tester,load88@example.edu,BIT
02300089,Load Tester,load89@example.edu,BIT
02300090,Load Tester,load90@example.edu,BIT
02300091,Load Tester,load91@example.edu,BIT
02300092,Load Tester,load92@example.edu,BIT
02300093,Load Tester,load93@example.edu,BIT
02300094,Load Tester,load94@example.edu,BIT
02300095,Load Tester,load95@example.edu,BIT
02300096,Load Tester,load96@example.edu,BIT
02300097,Load Tester,load97@example.edu,BIT
02300098,Load Tester,load98@example.edu,BIT
02300099,Load Tester,load99@example.edu,BIT
02300100,Load Tester,load100@example.edu,BIT
02300101,Load Tester,load101@example.edu,BIT
02300102,Load Tester,load102@example.edu,BIT
02300103,Load Tester,load103@example.edu,BIT
02300104,Load Tester,load104@example.edu,BIT
02300105,Load Tester,load105@example.edu,BIT
02300106,Load Tester,load106@example.edu,BIT
02300107,Load Tester,load107@example.edu,BIT
02300108,Load Tester,load108@example.edu,BIT
02300109,Load Tester,load109@example.edu,BIT
02300110,Load Tester,load110@example.edu,BIT
02300111,Load Tester,load111@example.edu,BIT
02300112,Load Tester,load112@example.edu,BIT
02300113,Load Tester,load113@example.edu,BIT
02300114,Load Tester,load114@example.edu,BIT
02300115,Load Tester,load115@example.edu,BIT
02300116,Load Tester,load116@example.edu,BIT
02300117,Load Tester,load117@example.edu,BIT
02300118,Load Tester,load118@example.edu,BIT
02300119,Load Tester,load119@example.edu,BIT
02300120,Load Tester,load120@example.edu,BIT
02300121,Load Tester,load121@example.edu,BIT
02300122,Load Tester,load122@example.edu,BIT
02300123,Load Tester,load123@example.edu,BIT
02300124,Load Tester,load124@example.edu,BIT
02300125,Load Tester,load125@example.edu,BIT
02300126,Load Tester,load126@example.edu,BIT
02300127,Load Tester,load127@example.edu,BIT
02300128,Load Tester,load128@example.edu,BIT
02300129,Load Tester,load129@example.edu,BIT
02300130,Load Tester,load130@example.edu,BIT
02300131,Load Tester,load131@example.edu,BIT
02300132,Load Tester,load132@example.edu,BIT
02300133,Load Tester,load133@example.edu,BIT
02300134,Load Tester,load134@example.edu,BIT
02300135,Load Tester,load135@example.edu,BIT
02300136,Load Tester,load136@example.edu,BIT
02300137,Load Tester,load137@example.edu,BIT
02300138,Load Tester,load138@example.edu,BIT
02300139,Load Tester,load139@example.edu,BIT
02300140,Load Tester,load140@example.edu,BIT
02300141,Load Tester,load141@example.edu,BIT
02300142,Load Tester,load142@example.edu,BIT
02300143,Load Tester,load143@example.edu,BIT
02300144,Load Tester,load144@example.edu,BIT
02300145,Load Tester,load145@example.edu,BIT
02300146,Load Tester,load146@example.edu,BIT
02300147,Load Tester,load147@example.edu,BIT
02300148,Load Tester,load148@example.edu,BIT
02300149,Load Tester,load149@example.edu,BIT
02300150,Load Tester,load150@example.edu,BIT
02300151,Load Tester,load151@example.edu,BIT
02300152,Load Tester,load152@example.edu,BIT
02300153,Load Tester,load153@example.edu,BIT
02300154,Load Tester,load154@example.edu,BIT
02300155,Load Tester,load155@example.edu,BIT
02300156,Load Tester,load156@example.edu,BIT
02300157,Load Tester,load157@example.edu,BIT
02300158,Load Tester,load158@example.edu,BIT
02300159,Load Tester,load159@example.edu,BIT
02300160,Load Tester,load160@example.edu,BIT
02300161,Load Tester,load161@example.edu,BIT
02300162,Load Tester,load162@example.edu,BIT
02300163,Load Tester,load163@example.edu,BIT
02300164,Load Tester,load164@example.edu,BIT
02300165,Load Tester,load165@example.edu,BIT
02300166,Load Tester,load166@example.edu,BIT
02300167,Load Tester,load167@example.edu,BIT
02300168,Load Tester,load168@example.edu,BIT
02300169,Load Tester,load169@example.edu,BIT
02300170,Load Tester,load170@example.edu,BIT
02300171,Load Tester,load171@example.edu,BIT
02300172,Load Tester,load172@example.edu,BIT
02300173,Load Tester,load173@example.edu,BIT
02300174,Load Tester,load174@example.edu,BIT
02300175,Load Tester,load175@example.edu,BIT
02300176,Load Tester,load176@example.edu,BIT
02300177,Load Tester,load177@example.edu,BIT
02300178,Load Tester,load178@example.edu,BIT
02300179,Load Tester,load179@example.edu,BIT
02300180,Load Tester,load180@example.edu,BIT
02300181,Load Tester,load181@example.edu,BIT
02300182,Load Tester,load182@example.edu,BIT
02300183,Load Tester,load183@example.edu,BIT
02300184,Load Tester,load184@example.edu,BIT
02300185,Load Tester,load185@example.edu,BIT
02300186,Load Tester,load186@example.edu,BIT
02300187,Load Tester,load187@example.edu,BIT
02300188,Load Tester,load188@example.edu,BIT
02300189,Load Tester,load189@example.edu,BIT
02300190,Load Tester,load190@example.edu,BIT
02300191,Load Tester,load191@example.edu,BIT
02300192,Load Tester,load192@example.edu,BIT
02300193,Load Tester,load193@example.edu,BIT
02300194,Load Tester,load194@example.edu,BIT
02300195,Load Tester,load195@example.edu,BIT
02300196,Load Tester,load196@example.edu,BIT
02300197,Load Tester,load197@example.edu,BIT
02300198,Load Tester,load198@example.edu,BIT
02300199,Load Tester,load199@example.edu,BIT
02300200,Load Tester,load200@example.edu,BIT
02300201,Load Tester,load201@example.edu,BIT
02300202,Load Tester,load202@example.edu,BIT
02300203,Load Tester,load203@example.edu,BIT
02300204,Load Tester,load204@example.edu,BIT
02300205,Load Tester,load205@example.edu,BIT
02300206,Load Tester,load206@example.edu,BIT
02300207,Load Tester,load207@example.edu,BIT
02300208,Load Tester,load208@example.edu,BIT
02300209,Load Tester,load209@example.edu,BIT
02300210,Load Tester,load210@example.edu,BIT
02300211,Load Tester,load211@example.edu,BIT
02300212,Load Tester,load212@example.edu,BIT
02300213,Load Tester,load213@example.edu,BIT
02300214,Load Tester,load214@example.edu,BIT
02300215,Load Tester,load215@example.edu,BIT
02300216,Load Tester,load216@example.edu,BIT
02300217,Load Tester,load217@example.edu,BIT
02300218,Load Tester,load218@example.edu,BIT
02300219,Load Tester,load219@example.edu,BIT
02300220,Load Tester,load220@example.edu,BIT
02300221,Load Tester,load221@example.edu,BIT
02300222,Load Tester,load222@example.edu,BIT
02300223,Load Tester,load223@example.edu,BIT
02300224,Load Tester,load224@example.edu,BIT
02300225,Load Tester,load225@example.edu,BIT
02300226,Load Tester,load226@example.edu,BIT
02300227,Load Tester,load227@example.edu,BIT
02300228,Load Tester,load228@example.edu,BIT
02300229,Load Tester,load229@example.edu,BIT
02300230,Load Tester,load230@example.edu,BIT
02300231,Load Tester,load231@example.edu,BIT
02300232,Load Tester,load232@example.edu,BIT
02300233,Load Tester,load233@example.edu,BIT
02300234,Load Tester,load234@example.edu,BIT
02300235,Load Tester,load235@example.edu,BIT
02300236,Load Tester,load236@example.edu,BIT
02300237,Load Tester,load237@example.edu,BIT
02300238,Load Tester,load238@example.edu,BIT
02300239,Load Tester,load239@example.edu,BIT
02300240,Load Tester,load240@example.edu,BIT
02300241,Load Tester,load241@example.edu,BIT
02300242,Load Tester,load242@example.edu,BIT
02300243,Load Tester,load243@example.edu,BIT
02300244,Load Tester,load244@example.edu,BIT
02300245,Load Tester,load245@example.edu,BIT
02300246,Load Tester,load246@example.edu,BIT
02300247,Load Tester,load247@example.edu,BIT
02300248,Load Tester,load248@example.edu,BIT
02300249,Load Tester,load249@example.edu,BIT
02300250,Load Tester,load250@example.edu,BIT
02300251,Load Tester,load251@example.edu,BIT
02300252,Load Tester,load252@example.edu,BIT
02300253,Load Tester,load253@example.edu,BIT
02300254,Load Tester,load254@example.edu,BIT
02300255,Load Tester,load255@example.edu,BIT
02300256,Load Tester,load256@example.edu,BIT
02300257,Load Tester,load257@example.edu,BIT
02300258,Load Tester,load258@example.edu,BIT
02300259,Load Tester,load259@example.edu,BIT
02300260,Load Tester,load260@example.edu,BIT
02300261,Load Tester,load261@example.edu,BIT
02300262,Load Tester,load262@example.edu,BIT
02300263,Load Tester,load263@example.edu,BIT
02300264,Load Tester,load264@example.edu,BIT
02300265,Load Tester,load265@example.edu,BIT
02300266,Load Tester,load266@example.edu,BIT
02300267,Load Tester,load267@example.edu,BIT
02300268,Load Tester,load268@example.edu,BIT
02300269,Load Tester,load269@example.edu,BIT
02300270,Load Tester,load270@example.edu,BIT
02300271,Load Tester,load271@example.edu,BIT
02300272,Load Tester,load272@example.edu,BIT
02300273,Load Tester,load273@example.edu,BIT
02300274,Load Tester,load274@example.edu,BIT
02300275,Load Tester,load275@example.edu,BIT
02300276,Load Tester,load276@example.edu,BIT
02300277,Load Tester,load277@example.edu,BIT
02300278,Load Tester,load278@example.edu,BIT
02300279,Load Tester,load279@example.edu,BIT
02300280,Load Tester,load280@example.edu,BIT
02300281,Load Tester,load281@example.edu,BIT
02300282,Load Tester,load282@example.edu,BIT
02300283,Load Tester,load283@example.edu,BIT
02300284,Load Tester,load284@example.edu,BIT
02300285,Load Tester,load285@example.edu,BIT
02300286,Load Tester,load286@example.edu,BIT
02300287,Load Tester,load287@example.edu,BIT
02300288,Load Tester,load288@example.edu,BIT
02300289,Load Tester,load289@example.edu,BIT
02300290,Load Tester,load290@example.edu,BIT
02300291,Load Tester,load291@example.edu,BIT
02300292,Load Tester,load292@example.edu,BIT
02300293,Load Tester,load293@example.edu,BIT
02300294,Load Tester,load294@example.edu,BIT
02300295,Load Tester,load295@example.edu,BIT
02300296,Load Tester,load296@example.edu,BIT
02300297,Load Tester,load297@example.edu,BIT
02300298,Load Tester,load298@example.edu,BIT
02300299,Load Tester,load299@example.edu,BIT
02300300,Load Tester,load300@example.edu,BIT
02300301,Load Tester,load301@example.edu,BIT
02300302,Load Tester,load302@example.edu,BIT
02300303,Load Tester,load303@example.edu,BIT
02300304,Load Tester,load304@example.edu,BIT
02300305,Load Tester,load305@example.edu,BIT
02300306,Load Tester,load306@example.edu,BIT
02300307,Load Tester,load307@example.edu,BIT
02300308,Load Tester,load308@example.edu,BIT
02300309,Load Tester,load309@example.edu,BIT
02300310,Load Tester,load310@example.edu,BIT
02300311,Load Tester,load311@example.edu,BIT
02300312,Load Tester,load312@example.edu,BIT
02300313,Load Tester,load313@example.edu,BIT
02300314,Load Tester,load314@example.edu,BIT
02300315,Load Tester,load315@example.edu,BIT
02300316,Load Tester,load316@example.edu,BIT
02300317,Load Tester,load317@example.edu,BIT
02300318,Load Tester,load318@example.edu,BIT
02300319,Load Tester,load319@example.edu,BIT
02300320,Load Tester,load320@example.edu,BIT
02300321,Load Tester,load321@example.edu,BIT
02300322,Load Tester,load322@example.edu,BIT
02300323,Load Tester,load323@example.edu,BIT
02300324,Load Tester,load324@example.edu,BIT
02300325,Load Tester,load325@example.edu,BIT
02300326,Load Tester,load326@example.edu,BIT
02300327,Load Tester,load327@example.edu,BIT
02300328,Load Tester,load328@example.edu,BIT
02300329,Load Tester,load329@example.edu,BIT
02300330,Load Tester,load330@example.edu,BIT
02300331,Load Tester,load331@example.edu,BIT
02300332,Load Tester,load332@example.edu,BIT
02300333,Load Tester,load333@example.edu,BIT
02300334,Load Tester,load334@example.edu,BIT
02300335,Load Tester,load335@example.edu,BIT
02300336,Load Tester,load336@example.edu,BIT
02300337,Load Tester,load337@example.edu,BIT
02300338,Load Tester,load338@example.edu,BIT
02300339,Load Tester,load339@example.edu,BIT
02300340,Load Tester,load340@example.edu,BIT
02300341,Load Tester,load341@example.edu,BIT
02300342,Load Tester,load342@example.edu,BIT
02300343,Load Tester,load343@example.edu,BIT
02300344,Load Tester,load344@example.edu,BIT
02300345,Load Tester,load345@example.edu,BIT
02300346,Load Tester,load346@example.edu,BIT
02300347,Load Tester,load347@example.edu,BIT
02300348,Load Tester,load348@example.edu,BIT
02300349,Load Tester,load349@example.edu,BIT
02300350,Load Tester,load350@example.edu,BIT
02300351,Load Tester,load351@example.edu,BIT
02300352,Load Tester,load352@example.edu,BIT
02300353,Load Tester,load353@example.edu,BIT
02300354,Load Tester,load354@example.edu,BIT
02300355,Load Tester,load355@example.edu,BIT
02300356,Load Tester,load356@example.edu,BIT
02300357,Load Tester,load357@example.edu,BIT
02300358,Load Tester,load358@example.edu,BIT
02300359,Load Tester,load359@example.edu,BIT
02300360,Load Tester,load360@example.edu,BIT
02300361,Load Tester,load361@example.edu,BIT
02300362,Load Tester,load362@example.edu,BIT
02300363,Load Tester,load363@example.edu,BIT
02300364,Load Tester,load364@example.edu,BIT
02300365,Load Tester,load365@example.edu,BIT
02300366,Load Tester,load366@example.edu,BIT
02300367,Load Tester,load367@example.edu,BIT
02300368,Load Tester,load368@example.edu,BIT
02300369,Load Tester,load369@example.edu,BIT
02300370,Load Tester,load370@example.edu,BIT
02300371,Load Tester,load371@example.edu,BIT
02300372,Load Tester,load372@example.edu,BIT
02300373,Load Tester,load373@example.edu,BIT
02300374,Load Tester,load374@example.edu,BIT
02300375,Load Tester,load375@example.edu,BIT
02300376,Load Tester,load376@example.edu,BIT
02300377,Load Tester,load377@example.edu,BIT
02300378,Load Tester,load378@example.edu,BIT
02300379,Load Tester,load379@example.edu,BIT
02300380,Load Tester,load380@example.edu,BIT
02300381,Load Tester,load381@example.edu,BIT
02300382,Load Tester,load382@example.edu,BIT
02300383,Load Tester,load383@example.edu,BIT
02300384,Load Tester,load384@example.edu,BIT
02300385,Load Tester,load385@example.edu,BIT
02300386,Load Tester,load386@example.edu,BIT
02300387,Load Tester,load387@example.edu,BIT
02300388,Load Tester,load388@example.edu,BIT
02300389,Load Tester,load389@example.edu,BIT
02300390,Load Tester,load390@example.edu,BIT
02300391,Load Tester,load391@example.edu,BIT
02300392,Load Tester,load392@example.edu,BIT
02300393,Load Tester,load393@example.edu,BIT
02300394,Load Tester,load394@example.edu,BIT
02300395,Load Tester,load395@example.edu,BIT
02300396,Load Tester,load396@example.edu,BIT
02300397,Load Tester,load397@example.edu,BIT
02300398,Load Tester,load398@example.edu,BIT
02300399,Load Tester,load399@example.edu,BIT
02300400,Load Tester,load400@example.edu,BIT
02300401,Load Tester,load401@example.edu,BIT
02300402,Load Tester,load402@example.edu,BIT
02300403,Load Tester,load403@example.edu,BIT
02300404,Load Tester,load404@example.edu,BIT
02300405,Load Tester,load405@example.edu,BIT
02300406,Load Tester,load406@example.edu,BIT
02300407,Load Tester,load407@example.edu,BIT
02300408,Load Tester,load408@example.edu,BIT
02300409,Load Tester,load409@example.edu,BIT
02300410,Load Tester,load410@example.edu,BIT
02300411,Load Tester,load411@example.edu,BIT
02300412,Load Tester,load412@example.edu,BIT
02300413,Load Tester,load413@example.edu,BIT
02300414,Load Tester,load414@example.edu,BIT
02300415,Load Tester,load415@example.edu,BIT
02300416,Load Tester,load416@example.edu,BIT
02300417,Load Tester,load417@example.edu,BIT
02300418,Load Tester,load418@example.edu,BIT
02300419,Load Tester,load419@example.edu,BIT
02300420,Load Tester,load420@example.edu,BIT
02300421,Load Tester,load421@example.edu,BIT
02300422,Load Tester,load422@example.edu,BIT
02300423,Load Tester,load423@example.edu,BIT
02300424,Load Tester,load424@example.edu,BIT
02300425,Load Tester,load425@example.edu,BIT
02300426,Load Tester,load426@example.edu,BIT
02300427,Load Tester,load427@example.edu,BIT
02300428,Load Tester,load428@example.edu,BIT
02300429,Load Tester,load429@example.edu,BIT
02300430,Load Tester,load430@example.edu,BIT
02300431,Load Tester,load431@example.edu,BIT
02300432,Load Tester,load432@example.edu,BIT
02300433,Load Tester,load433@example.edu,BIT
02300434,Load Tester,load434@example.edu,BIT
02300435,Load Tester,load435@example.edu,BIT
02300436,Load Tester,load436@example.edu,BIT
02300437,Load Tester,load437@example.edu,BIT
02300438,Load Tester,load438@example.edu,BIT
02300439,Load Tester,load439@example.edu,BIT
02300440,Load Tester,load440@example.edu,BIT
02300441,Load Tester,load441@example.edu,BIT
02300442,Load Tester,load442@example.edu,BIT
02300443,Load Tester,load443@example.edu,BIT
02300444,Load Tester,load444@example.edu,BIT
02300445,Load Tester,load445@example.edu,BIT
02300446,Load Tester,load446@example.edu,BIT
02300447,Load Tester,load447@example.edu,BIT
02300448,Load Tester,load448@example.edu,BIT
02300449,Load Tester,load449@example.edu,BIT
02300450,Load Tester,load450@example.edu,BIT
02300451,Load Tester,load451@example.edu,BIT
02300452,Load Tester,load452@example.edu,BIT
02300453,Load Tester,load453@example.edu,BIT
02300454,Load Tester,load454@example.edu,BIT
02300455,Load Tester,load455@example.edu,BIT
02300456,Load Tester,load456@example.edu,BIT
02300457,Load Tester,load457@example.edu,BIT
02300458,Load Tester,load458@example.edu,BIT
02300459,Load Tester,load459@example.edu,BIT
02300460,Load Tester,load460@example.edu,BIT
02300461,Load Tester,load461@example.edu,BIT
02300462,Load Tester,load462@example.edu,BIT
02300463,Load Tester,load463@example.edu,BIT
02300464,Load Tester,load464@example.edu,BIT
02300465,Load Tester,load465@example.edu,BIT
02300466,Load Tester,load466@example.edu,BIT
02300467,Load Tester,load467@example.edu,BIT
02300468,Load Tester,load468@example.edu,BIT
02300469,Load Tester,load469@example.edu,BIT
02300470,Load Tester,load470@example.edu,BIT
02300471,Load Tester,load471@example.edu,BIT
02300472,Load Tester,load472@example.edu,BIT
02300473,Load Tester,load473@example.edu,BIT
02300474,Load Tester,load474@example.edu,BIT
02300475,Load Tester,load475@example.edu,BIT
02300476,Load Tester,load476@example.edu,BIT
02300477,Load Tester,load477@example.edu,BIT
02300478,Load Tester,load478@example.edu,BIT
02300479,Load Tester,load479@example.edu,BIT
02300480,Load Tester,load480@example.edu,BIT
02300481,Load Tester,load481@example.edu,BIT
02300482,Load Tester,load482@example.edu,BIT
02300483,Load Tester,load483@example.edu,BIT
02300484,Load Tester,load484@example.edu,BIT
02300485,Load Tester,load485@example.edu,BIT
02300486,Load Tester,load486@example.edu,BIT
02300487,Load Tester,load487@example.edu,BIT
02300488,Load Tester,load488@example.edu,BIT
02300489,Load Tester,load489@example.edu,BIT
02300490,Load Tester,load490@example.edu,BIT
02300491,Load Tester,load491@example.edu,BIT
02300492,Load Tester,load492@example.edu,BIT
02300493,Load Tester,load493@example.edu,BIT
02300494,Load Tester,load494@example.edu,BIT
02300495,Load Tester,load495@example.edu,BIT
02300496,Load Tester,load496@example.edu,BIT
02300497,Load Tester,load497@example.edu,BIT
02300498,Load Tester,load498@example.edu,BIT
02300499,Load Tester,load499@example.edu,BIT
02300500,Load Tester,load500@example.edu,BIT
02300501,Load Tester,load501@example.edu,BIT
02300502,Load Tester,load502@example.edu,BIT
02300503,Load Tester,load503@example.edu,BIT
02300504,Load Tester,load504@example.edu,BIT
02300505,Load Tester,load505@example.edu,BIT
02300506,Load Tester,load506@example.edu,BIT
02300507,Load Tester,load507@example.edu,BIT
02300508,Load Tester,load508@example.edu,BIT
02300509,Load Tester,load509@example.edu,BIT
02300510,Load Tester,load510@example.edu,BIT
02300511,Load Tester,load511@example.edu,BIT
02300512,Load Tester,load512@example.edu,BIT
02300513,Load Tester,load513@example.edu,BIT
02300514,Load Tester,load514@example.edu,BIT
02300515,Load Tester,load515@example.edu,BIT
02300516,Load Tester,load516@example.edu,BIT
02300517,Load Tester,load517@example.edu,BIT
02300518,Load Tester,load518@example.edu,BIT
02300519,Load Tester,load519@example.edu,BIT
02300520,Load Tester,load520@example.edu,BIT
02300521,Load Tester,load521@example.edu,BIT
02300522,Load Tester,load522@example.edu,BIT
02300523,Load Tester,load523@example.edu,BIT
02300524,Load Tester,load524@example.edu,BIT
02300525,Load Tester,load525@example.edu,BIT
02300526,Load Tester,load526@example.edu,BIT
02300527,Load Tester,load527@example.edu,BIT
02300528,Load Tester,load528@example.edu,BIT
02300529,Load Tester,load529@example.edu,BIT
02300530,Load Tester,load530@example.edu,BIT
02300531,Load Tester,load531@example.edu,BIT
02300532,Load Tester,load532@example.edu,BIT
02300533,Load Tester,load533@example.edu,BIT
02300534,Load Tester,load534@example.edu,BIT
02300535,Load Tester,load535@example.edu,BIT
02300536,Load Tester,load536@example.edu,BIT
02300537,Load Tester,load537@example.edu,BIT
02300538,Load Tester,load538@example.edu,BIT
02300539,Load Tester,load539@example.edu,BIT
02300540,Load Tester,load540@example.edu,BIT
02300541,Load Tester,load541@example.edu,BIT
02300542,Load Tester,load542@example.edu,BIT
02300543,Load Tester,load543@example.edu,BIT
02300544,Load Tester,load544@example.edu,BIT
02300545,Load Tester,load545@example.edu,BIT
02300546,Load Tester,load546@example.edu,BIT
02300547,Load Tester,load547@example.edu,BIT
02300548,Load Tester,load548@example.edu,BIT
02300549,Load Tester,load549@example.edu,BIT
02300550,Load Tester,load550@example.edu,BIT
02300551,Load Tester,load551@example.edu,BIT
02300552,Load Tester,load552@example.edu,BIT
02300553,Load Tester,load553@example.edu,BIT
02300554,Load Tester,load554@example.edu,BIT
02300555,Load Tester,load555@example.edu,BIT
02300556,Load Tester,load556@example.edu,BIT
02300557,Load Tester,load557@example.edu,BIT
02300558,Load Tester,load558@example.edu,BIT
02300559,Load Tester,load559@example.edu,BIT
02300560,Load Tester,load560@example.edu,BIT
02300561,Load Tester,load561@example.edu,BIT
02300562,Load Tester,load562@example.edu,BIT
02300563,Load Tester,load563@example.edu,BIT
02300564,Load Tester,load564@example.edu,BIT
02300565,Load Tester,load565@example.edu,BIT
02300566,Load Tester,load566@example.edu,BIT
02300567,Load Tester,load567@example.edu,BIT
02300568,Load Tester,load568@example.edu,BIT
02300569,Load Tester,load569@example.edu,BIT
02300570,Load Tester,load570@example.edu,BIT
02300571,Load Tester,load571@example.edu,BIT
02300572,Load Tester,load572@example.edu,BIT
02300573,Load Tester,load573@example.edu,BIT
02300574,Load Tester,load574@example.edu,BIT
02300575,Load Tester,load575@example.edu,BIT
02300576,Load Tester,load576@example.edu,BIT
02300577,Load Tester,load577@example.edu,BIT
02300578,Load Tester,load578@example.edu,BIT
02300579,Load Tester,load579@example.edu,BIT
02300580,Load Tester,load580@example.edu,BIT
02300581,Load Tester,load581@example.edu,BIT
02300582,Load Tester,load582@example.edu,BIT
02300583,Load Tester,load583@example.edu,BIT
02300584,Load Tester,load584@example.edu,BIT
02300585,Load Tester,load585@example.edu,BIT
02300586,Load Tester,load586@example.edu,BIT
02300587,Load Tester,load587@example.edu,BIT
02300588,Load Tester,load588@example.edu,BIT
02300589,Load Tester,load589@example.edu,BIT
02300590,Load Tester,load590@example.edu,BIT
02300591,Load Tester,load591@example.edu,BIT
02300592,Load Tester,load592@example.edu,BIT
02300593,Load Tester,load593@example.edu,BIT
02300594,Load Tester,load594@example.edu,BIT
02300595,Load Tester,load595@example.edu,BIT
02300596,Load Tester,load596@example.edu,BIT
02300597,Load Tester,load597@example.edu,BIT
02300598,Load Tester,load598@example.edu,BIT
02300599,Load Tester,load599@example.edu,BIT
02300600,Load Tester,load600@example.edu,BIT
02300601,Load Tester,load601@example.edu,BIT
02300602,Load Tester,load602@example.edu,BIT
02300603,Load Tester,load603@example.edu,BIT
02300604,Load Tester,load604@example.edu,BIT
02300605,Load Tester,load605@example.edu,BIT
02300606,Load Tester,load606@example.edu,BIT
02300607,Load Tester,load607@example.edu,BIT
02300608,Load Tester,load608@example.edu,BIT
02300609,Load Tester,load609@example.edu,BIT
02300610,Load Tester,load610@example.edu,BIT
02300611,Load Tester,load611@example.edu,BIT
02300612,Load Tester,load612@example.edu,BIT
02300613,Load Tester,load613@example.edu,BIT
02300614,Load Tester,load614@example.edu,BIT
02300615,Load Tester,load615@example.edu,BIT
02300616,Load Tester,load616@example.edu,BIT
02300617,Load Tester,load617@example.edu,BIT
02300618,Load Tester,load618@example.edu,BIT
02300619,Load Tester,load619@example.edu,BIT
02300620,Load Tester,load620@example.edu,BIT
02300621,Load Tester,load621@example.edu,BIT
02300622,Load Tester,load622@example.edu,BIT
02300623,Load Tester,load623@example.edu,BIT
02300624,Load Tester,load624@example.edu,BIT
02300625,Load Tester,load625@example.edu,BIT
02300626,Load Tester,load626@example.edu,BIT
02300627,Load Tester,load627@example.edu,BIT
02300628,Load Tester,load628@example.edu,BIT
02300629,Load Tester,load629@example.edu,BIT
02300630,Load Tester,load630@example.edu,BIT
02300631,Load Tester,load631@example.edu,BIT
02300632,Load Tester,load632@example.edu,BIT
02300633,Load Tester,load633@example.edu,BIT
02300634,Load Tester,load634@example.edu,BIT
02300635,Load Tester,load635@example.edu,BIT
02300636,Load Tester,load636@example.edu,BIT
02300637,Load Tester,load637@example.edu,BIT
02300638,Load Tester,load638@example.edu,BIT
02300639,Load Tester,load639@example.edu,BIT
02300640,Load Tester,load640@example.edu,BIT
02300641,Load Tester,load641@example.edu,BIT
02300642,Load Tester,load642@example.edu,BIT
02300643,Load Tester,load643@example.edu,BIT
02300644,Load Tester,load644@example.edu,BIT
02300645,Load Tester,load645@example.edu,BIT
02300646,Load Tester,load646@example.edu,BIT
02300647,Load Tester,load647@example.edu,BIT
02300648,Load Tester,load648@example.edu,BIT
02300649,Load Tester,load649@example.edu,BIT
02300650,Load Tester,load650@example.edu,BIT
02300651,Load Tester,load651@example.edu,BIT
02300652,Load Tester,load652@example.edu,BIT
02300653,Load Tester,load653@example.edu,BIT
02300654,Load Tester,load654@example.edu,BIT
02300655,Load Tester,load655@example.edu,BIT
02300656,Load Tester,load656@example.edu,BIT
02300657,Load Tester,load657@example.edu,BIT
02300658,Load Tester,load658@example.edu,BIT
02300659,Load Tester,load659@example.edu,BIT
02300660,Load Tester,load660@example.edu,BIT
02300661,Load Tester,load661@example.edu,BIT
02300662,Load Tester,load662@example.edu,BIT
02300663,Load Tester,load663@example.edu,BIT
02300664,Load Tester,load664@example.edu,BIT
02300665,Load Tester,load665@example.edu,BIT
02300666,Load Tester,load666@example.edu,BIT
02300667,Load Tester,load667@example.edu,BIT
02300668,Load Tester,load668@example.edu,BIT
02300669,Load Tester,load669@example.edu,BIT
02300670,Load Tester,load670@example.edu,BIT
02300671,Load Tester,load671@example.edu,BIT
02300672,Load Tester,load672@example.edu,BIT
02300673,Load Tester,load673@example.edu,BIT
02300674,Load Tester,load674@example.edu,BIT
02300675,Load Tester,load675@example.edu,BIT
02300676,Load Tester,load676@example.edu,BIT
02300677,Load Tester,load677@example.edu,BIT
02300678,Load Tester,load678@example.edu,BIT
02300679,Load Tester,load679@example.edu,BIT
02300680,Load Tester,load680@example.edu,BIT
02300681,Load Tester,load681@example.edu,BIT
02300682,Load Tester,load682@example.edu,BIT
02300683,Load Tester,load683@example.edu,BIT
02300684,Load Tester,load684@example.edu,BIT
02300685,Load Tester,load685@example.edu,BIT
02300686,Load Tester,load686@example.edu,BIT
02300687,Load Tester,load687@example.edu,BIT
02300688,Load Tester,load688@example.edu,BIT
02300689,Load Tester,load689@example.edu,BIT
02300690,Load Tester,load690@example.edu,BIT
02300691,Load Tester,load691@example.edu,BIT
02300692,Load Tester,load692@example.edu,BIT
02300693,Load Tester,load693@example.edu,BIT
02300694,Load Tester,load694@example.edu,BIT
02300695,Load Tester,load695@example.edu,BIT
02300696,Load Tester,load696@example.edu,BIT
02300697,Load Tester,load697@example.edu,BIT
02300698,Load Tester,load698@example.edu,BIT
02300699,Load Tester,load699@example.edu,BIT
02300700,Load Tester,load700@example.edu,BIT
02300701,Load Tester,load701@example.edu,BIT
02300702,Load Tester,load702@example.edu,BIT
02300703,Load Tester,load703@example.edu,BIT
02300704,Load Tester,load704@example.edu,BIT
02300705,Load Tester,load705@example.edu,BIT
02300706,Load Tester,load706@example.edu,BIT
02300707,Load Tester,load707@example.edu,BIT
02300708,Load Tester,load708@example.edu,BIT
02300709,Load Tester,load709@example.edu,BIT
02300710,Load Tester,load710@example.edu,BIT
02300711,Load Tester,load711@example.edu,BIT
02300712,Load Tester,load712@example.edu,BIT
02300713,Load Tester,load713@example.edu,BIT
02300714,Load Tester,load714@example.edu,BIT
02300715,Load Tester,load715@example.edu,BIT
02300716,Load Tester,load716@example.edu,BIT
02300717,Load Tester,load717@example.edu,BIT
02300718,Load Tester,load718@example.edu,BIT
02300719,Load Tester,load719@example.edu,BIT
02300720,Load Tester,load720@example.edu,BIT
02300721,Load Tester,load721@example.edu,BIT
02300722,Load Tester,load722@example.edu,BIT
02300723,Load Tester,load723@example.edu,BIT
02300724,Load Tester,load724@example.edu,BIT
02300725,Load Tester,load725@example.edu,BIT
02300726,Load Tester,load726@example.edu,BIT
02300727,Load Tester,load727@example.edu,BIT
02300728,Load Tester,load728@example.edu,BIT
02300729,Load Tester,load729@example.edu,BIT
02300730,Load Tester,load730@example.edu,BIT
02300731,Load Tester,load731@example.edu,BIT
02300732,Load Tester,load732@example.edu,BIT
02300733,Load Tester,load733@example.edu,BIT
02300734,Load Tester,load734@example.edu,BIT
02300735,Load Tester,load735@example.edu,BIT
02300736,Load Tester,load736@example.edu,BIT
02300737,Load Tester,load737@example.edu,BIT
02300738,Load Tester,load738@example.edu,BIT
02300739,Load Tester,load739@example.edu,BIT
02300740,Load Tester,load740@example.edu,BIT
02300741,Load Tester,load741@example.edu,BIT
02300742,Load Tester,load742@example.edu,BIT
02300743,Load Tester,load743@example.edu,BIT
02300744,Load Tester,load744@example.edu,BIT
02300745,Load Tester,load745@example.edu,BIT
02300746,Load Tester,load746@example.edu,BIT
02300747,Load Tester,load747@example.edu,BIT
02300748,Load Tester,load748@example.edu,BIT
02300749,Load Tester,load749@example.edu,BIT
02300750,Load Tester,load750@example.edu,BIT
02300751,Load Tester,load751@example.edu,BIT
02300752,Load Tester,load752@example.edu,BIT
02300753,Load Tester,load753@example.edu,BIT
02300754,Load Tester,load754@example.edu,BIT
02300755,Load Tester,load755@example.edu,BIT
02300756,Load Tester,load756@example.edu,BIT
02300757,Load Tester,load757@example.edu,BIT
02300758,Load Tester,load758@example.edu,BIT
02300759,Load Tester,load759@example.edu,BIT
02300760,Load Tester,load760@example.edu,BIT
02300761,Load Tester,load761@example.edu,BIT
02300762,Load Tester,load762@example.edu,BIT
02300763,Load Tester,load763@example.edu,BIT
02300764,Load Tester,load764@example.edu,BIT
02300765,Load Tester,load765@example.edu,BIT
02300766,Load Tester,load766@example.edu,BIT
02300767,Load Tester,load767@example.edu,BIT
02300768,Load Tester,load768@example.edu,BIT
02300769,Load Tester,load769@example.edu,BIT
02300770,Load Tester,load770@example.edu,BIT
02300771,Load Tester,load771@example.edu,BIT
02300772,Load Tester,load772@example.edu,BIT
02300773,Load Tester,load773@example.edu,BIT
02300774,Load Tester,load774@example.edu,BIT
02300775,Load Tester,load775@example.edu,BIT
02300776,Load Tester,load776@example.edu,BIT
02300777,Load Tester,load777@example.edu,BIT
02300778,Load Tester,load778@example.edu,BIT
02300779,Load Tester,load779@example.edu,BIT
02300780,Load Tester,load780@example.edu,BIT
02300781,Load Tester,load781@example.edu,BIT
02300782,Load Tester,load782@example.edu,BIT
02300783,Load Tester,load783@example.edu,BIT
02300784,Load Tester,load784@example.edu,BIT
02300785,Load Tester,load785@example.edu,BIT
02300786,Load Tester,load786@example.edu,BIT
02300787,Load Tester,load787@example.edu,BIT
02300788,Load Tester,load788@example.edu,BIT
02300789,Load Tester,load789@example.edu,BIT
02300790,Load Tester,load790@example.edu,BIT
02300791,Load Tester,load791@example.edu,BIT
02300792,Load Tester,load792@example.edu,BIT
02300793,Load Tester,load793@example.edu,BIT
02300794,Load Tester,load794@example.edu,BIT
02300795,Load Tester,load795@example.edu,BIT
02300796,Load Tester,load796@example.edu,BIT
02300797,Load Tester,load797@example.edu,BIT
02300798,Load Tester,load798@example.edu,BIT
02300799,Load Tester,load799@example.edu,BIT
02300800,Load Tester,load800@example.edu,BIT
02300801,Load Tester,load801@example.edu,BIT
02300802,Load Tester,load802@example.edu,BIT
02300803,Load Tester,load803@example.edu,BIT
02300804,Load Tester,load804@example.edu,BIT
02300805,Load Tester,load805@example.edu,BIT
02300806,Load Tester,load806@example.edu,BIT
02300807,Load Tester,load807@example.edu,BIT
02300808,Load Tester,load808@example.edu,BIT
02300809,Load Tester,load809@example.edu,BIT
02300810,Load Tester,load810@example.edu,BIT
02300811,Load Tester,load811@example.edu,BIT
02300812,Load Tester,load812@example.edu,BIT
02300813,Load Tester,load813@example.edu,BIT
02300814,Load Tester,load814@example.edu,BIT
02300815,Load Tester,load815@example.edu,BIT
02300816,Load Tester,load816@example.edu,BIT
02300817,Load Tester,load817@example.edu,BIT
02300818,Load Tester,load818@example.edu,BIT
02300819,Load Tester,load819@example.edu,BIT
02300820,Load Tester,load820@example.edu,BIT
02300821,Load Tester,load821@example.edu,BIT
02300822,Load Tester,load822@example.edu,BIT
02300823,Load Tester,load823@example.edu,BIT
02300824,Load Tester,load824@example.edu,BIT
02300825,Load Tester,load825@example.edu,BIT
02300826,Load Tester,load826@example.edu,BIT
02300827,Load Tester,load827@example.edu,BIT
02300828,Load Tester,load828@example.edu,BIT
02300829,Load Tester,load829@example.edu,BIT
02300830,Load Tester,load830@example.edu,BIT
02300831,Load Tester,load831@example.edu,BIT
02300832,Load Tester,load832@example.edu,BIT
02300833,Load Tester,load833@example.edu,BIT
02300834,Load Tester,load834@example.edu,BIT
02300835,Load Tester,load835@example.edu,BIT
02300836,Load Tester,load836@example.edu,BIT
02300837,Load Tester,load837@example.edu,BIT
02300838,Load Tester,load838@example.edu,BIT
02300839,Load Tester,load839@example.edu,BIT
02300840,Load Tester,load840@example.edu,BIT
02300841,Load Tester,load841@example.edu,BIT
02300842,Load Tester,load842@example.edu,BIT
02300843,Load Tester,load843@example.edu,BIT
02300844,Load Tester,load844@example.edu,BIT
02300845,Load Tester,load845@example.edu,BIT
02300846,Load Tester,load846@example.edu,BIT
02300847,Load Tester,load847@example.edu,BIT
02300848,Load Tester,load848@example.edu,BIT
02300849,Load Tester,load849@example.edu,BIT
02300850,Load Tester,load850@example.edu,BIT
02300851,Load Tester,load851@example.edu,BIT
02300852,Load Tester,load852@example.edu,BIT
02300853,Load Tester,load853@example.edu,BIT
02300854,Load Tester,load854@example.edu,BIT
02300855,Load Tester,load855@example.edu,BIT
02300856,Load Tester,load856@example.edu,BIT
02300857,Load Tester,load857@example.edu,BIT
02300858,Load Tester,load858@example.edu,BIT
02300859,Load Tester,load859@example.edu,BIT
02300860,Load Tester,load860@example.edu,BIT
02300861,Load Tester,load861@example.edu,BIT
02300862,Load Tester,load862@example.edu,BIT
02300863,Load Tester,load863@example.edu,BIT
02300864,Load Tester,load864@example.edu,BIT
02300865,Load Tester,load865@example.edu,BIT
02300866,Load Tester,load866@example.edu,BIT
02300867,Load Tester,load867@example.edu,BIT
02300868,Load Tester,load868@example.edu,BIT
02300869,Load Tester,load869@example.edu,BIT
02300870,Load Tester,load870@example.edu,BIT
02300871,Load Tester,load871@example.edu,BIT
02300872,Load Tester,load872@example.edu,BIT
02300873,Load Tester,load873@example.edu,BIT
02300874,Load Tester,load874@example.edu,BIT
02300875,Load Tester,load875@example.edu,BIT
02300876,Load Tester,load876@example.edu,BIT
02300877,Load Tester,load877@example.edu,BIT
02300878,Load Tester,load878@example.edu,BIT
02300879,Load Tester,load879@example.edu,BIT
02300880,Load Tester,load880@example.edu,BIT
02300881,Load Tester,load881@example.edu,BIT
02300882,Load Tester,load882@example.edu,BIT
02300883,Load Tester,load883@example.edu,BIT
02300884,Load Tester,load884@example.edu,BIT
02300885,Load Tester,load885@example.edu,BIT
02300886,Load Tester,load886@example.edu,BIT
02300887,Load Tester,load887@example.edu,BIT
02300888,Load Tester,load888@example.edu,BIT
02300889,Load Tester,load889@example.edu,BIT
02300890,Load Tester,load890@example.edu,BIT
02300891,Load Tester,load891@example.edu,BIT
02300892,Load Tester,load892@example.edu,BIT
02300893,Load Tester,load893@example.edu,BIT
02300894,Load Tester,load894@example.edu,BIT
02300895,Load Tester,load895@example.edu,BIT
02300896,Load Tester,load896@example.edu,BIT
02300897,Load Tester,load897@example.edu,BIT
02300898,Load Tester,load898@example.edu,BIT
02300899,Load Tester,load899@example.edu,BIT
02300900,Load Tester,load900@example.edu,BIT
02300901,Load Tester,load901@example.edu,BIT
02300902,Load Tester,load902@example.edu,BIT
02300903,Load Tester,load903@example.edu,BIT
02300904,Load Tester,load904@example.edu,BIT
02300905,Load Tester,load905@example.edu,BIT
02300906,Load Tester,load906@example.edu,BIT
02300907,Load Tester,load907@example.edu,BIT
02300908,Load Tester,load908@example.edu,BIT
02300909,Load Tester,load909@example.edu,BIT
02300910,Load Tester,load910@example.edu,BIT
02300911,Load Tester,load911@example.edu,BIT
02300912,Load Tester,load912@example.edu,BIT
02300913,Load Tester,load913@example.edu,BIT
02300914,Load Tester,load914@example.edu,BIT
02300915,Load Tester,load915@example.edu,BIT
02300916,Load Tester,load916@example.edu,BIT
02300917,Load Tester,load917@example.edu,BIT
02300918,Load Tester,load918@example.edu,BIT
02300919,Load Tester,load919@example.edu,BIT
02300920,Load Tester,load920@example.edu,BIT
02300921,Load Tester,load921@example.edu,BIT
02300922,Load Tester,load922@example.edu,BIT
02300923,Load Tester,load923@example.edu,BIT
02300924,Load Tester,load924@example.edu,BIT
02300925,Load Tester,load925@example.edu,BIT
02300926,Load Tester,load926@example.edu,BIT
02300927,Load Tester,load927@example.edu,BIT
02300928,Load Tester,load928@example.edu,BIT
02300929,Load Tester,load929@example.edu,BIT
02300930,Load Tester,load930@example.edu,BIT
02300931,Load Tester,load931@example.edu,BIT
02300932,Load Tester,load932@example.edu,BIT
02300933,Load Tester,load933@example.edu,BIT
02300934,Load Tester,load934@example.edu,BIT
02300935,Load Tester,load935@example.edu,BIT
02300936,Load Tester,load936@example.edu,BIT
02300937,Load Tester,load937@example.edu,BIT
02300938,Load Tester,load938@example.edu,BIT
02300939,Load Tester,load939@example.edu,BIT
02300940,Load Tester,load940@example.edu,BIT
02300941,Load Tester,load941@example.edu,BIT
02300942,Load Tester,load942@example.edu,BIT
02300943,Load Tester,load943@example.edu,BIT
02300944,Load Tester,load944@example.edu,BIT
02300945,Load Tester,load945@example.edu,BIT
02300946,Load Tester,load946@example.edu,BIT
02300947,Load Tester,load947@example.edu,BIT
02300948,Load Tester,load948@example.edu,BIT
02300949,Load Tester,load949@example.edu,BIT
02300950,Load Tester,load950@example.edu,BIT
02300951,Load Tester,load951@example.edu,BIT
02300952,Load Tester,load952@example.edu,BIT
02300953,Load Tester,load953@example.edu,BIT
02300954,Load Tester,load954@example.edu,BIT
02300955,Load Tester,load955@example.edu,BIT
02300956,Load Tester,load956@example.edu,BIT
02300957,Load Tester,load957@example.edu,BIT
02300958,Load Tester,load958@example.edu,BIT
02300959,Load Tester,load959@example.edu,BIT
02300960,Load Tester,load960@example.edu,BIT
02300961,Load Tester,load961@example.edu,BIT
02300962,Load Tester,load962@example.edu,BIT
02300963,Load Tester,load963@example.edu,BIT
02300964,Load Tester,load964@example.edu,BIT
02300965,Load Tester,load965@example.edu,BIT
02300966,Load Tester,load966@example.edu,BIT
02300967,Load Tester,load967@example.edu,BIT
02300968,Load Tester,load968@example.edu,BIT
02300969,Load Tester,load969@example.edu,BIT
02300970,Load Tester,load970@example.edu,BIT
02300971,Load Tester,load971@example.edu,BIT
02300972,Load Tester,load972@example.edu,BIT
02300973,Load Tester,load973@example.edu,BIT
02300974,Load Tester,load974@example.edu,BIT
02300975,Load Tester,load975@example.edu,BIT
02300976,Load Tester,load976@example.edu,BIT
02300977,Load Tester,load977@example.edu,BIT
02300978,Load Tester,load978@example.edu,BIT
02300979,Load Tester,load979@example.edu,BIT
02300980,Load Tester,load980@example.edu,BIT
02300981,Load Tester,load981@example.edu,BIT
02300982,Load Tester,load982@example.edu,BIT
02300983,Load Tester,load983@example.edu,BIT
02300984,Load Tester,load984@example.edu,BIT
02300985,Load Tester,load985@example.edu,BIT
02300986,Load Tester,load986@example.edu,BIT
02300987,Load Tester,load987@example.edu,BIT
02300988,Load Tester,load988@example.edu,BIT
02300989,Load Tester,load989@example.edu,BIT
02300990,Load Tester,load990@example.edu,BIT
02300991,Load Tester,load991@example.edu,BIT
02300992,Load Tester,load992@example.edu,BIT
02300993,Load Tester,load993@example.edu,BIT
02300994,Load Tester,load994@example.edu,BIT
02300995,Load Tester,load995@example.edu,BIT
02300996,Load Tester,load996@example.edu,BIT
02300997,Load Tester,load997@example.edu,BIT
02300998,Load Tester,load998@example.edu,BIT
02300999,Load Tester,load999@example.edu,BIT
02301000,Load Tester,load1000@example.edu,BIT
02301001,Load Tester,load1001@example.edu,BIT
02301002,Load Tester,load1002@example.edu,BIT
02301003,Load Tester,load1003@example.edu,BIT
02301004,Load Tester,load1004@example.edu,BIT
02301005,Load Tester,load1005@example.edu,BIT
02301006,Load Tester,load1006@example.edu,BIT
02301007,Load Tester,load1007@example.edu,BIT
02301008,Load Tester,load1008@example.edu,BIT
02301009,Load Tester,load1009@example.edu,BIT
02301010,Load Tester,load1010@example.edu,BIT
02301011,Load Tester,load1011@example.edu,BIT
02301012,Load Tester,load1012@example.edu,BIT
02301013,Load Tester,load1013@example.edu,BIT
02301014,Load Tester,load1014@example.edu,BIT
02301015,Load Tester,load1015@example.edu,BIT
02301016,Load Tester,load1016@example.edu,BIT
02301017,Load Tester,load1017@example.edu,BIT
02301018,Load Tester,load1018@example.edu,BIT
02301019,Load Tester,load1019@example.edu,BIT
02301020,Load Tester,load1020@example.edu,BIT
02301021,Load Tester,load1021@example.edu,BIT
02301022,Load Tester,load1022@example.edu,BIT
02301023,Load Tester,load1023@example.edu,BIT
02301024,Load Tester,load1024@example.edu,BIT
02301025,Load Tester,load1025@example.edu,BIT
02301026,Load Tester,load1026@example.edu,BIT
02301027,Load Tester,load1027@example.edu,BIT
02301028,Load Tester,load1028@example.edu,BIT
02301029,Load Tester,load1029@example.edu,BIT
02301030,Load Tester,load1030@example.edu,BIT
02301031,Load Tester,load1031@example.edu,BIT
02301032,Load Tester,load1032@example.edu,BIT
02301033,Load Tester,load1033@example.edu,BIT
02301034,Load Tester,load1034@example.edu,BIT
02301035,Load Tester,load1035@example.edu,BIT
02301036,Load Tester,load1036@example.edu,BIT
02301037,Load Tester,load1037@example.edu,BIT
02301038,Load Tester,load1038@example.edu,BIT
02301039,Load Tester,load1039@example.edu,BIT
02301040,Load Tester,load1040@example.edu,BIT
02301041,Load Tester,load1041@example.edu,BIT
02301042,Load Tester,load1042@example.edu,BIT
02301043,Load Tester,load1043@example.edu,BIT
02301044,Load Tester,load1044@example.edu,BIT
02301045,Load Tester,load1045@example.edu,BIT
02301046,Load Tester,load1046@example.edu,BIT
02301047,Load Tester,load1047@example.edu,BIT
02301048,Load Tester,load1048@example.edu,BIT
02301049,Load Tester,load1049@example.edu,BIT
02301050,Load Tester,load1050@example.edu,BIT
02301051,Load Tester,load1051@example.edu,BIT
02301052,Load Tester,load1052@example.edu,BIT
02301053,Load Tester,load1053@example.edu,BIT
02301054,Load Tester,load1054@example.edu,BIT
02301055,Load Tester,load1055@example.edu,BIT
02301056,Load Tester,load1056@example.edu,BIT
02301057,Load Tester,load1057@example.edu,BIT
02301058,Load Tester,load1058@example.edu,BIT
02301059,Load Tester,load1059@example.edu,BIT
02301060,Load Tester,load1060@example.edu,BIT
02301061,Load Tester,load1061@example.edu,BIT
02301062,Load Tester,load1062@example.edu,BIT
02301063,Load Tester,load1063@example.edu,BIT
02301064,Load Tester,load1064@example.edu,BIT
02301065,Load Tester,load1065@example.edu,BIT
02301066,Load Tester,load1066@example.edu,BIT
02301067,Load Tester,load1067@example.edu,BIT
02301068,Load Tester,load1068@example.edu,BIT
02301069,Load Tester,load1069@example.edu,BIT
02301070,Load Tester,load1070@example.edu,BIT
02301071,Load Tester,load1071@example.edu,BIT
02301072,Load Tester,load1072@example.edu,BIT
02301073,Load Tester,load1073@example.edu,BIT
02301074,Load Tester,load1074@example.edu,BIT
02301075,Load Tester,load1075@example.edu,BIT
02301076,Load Tester,load1076@example.edu,BIT
02301077,Load Tester,load1077@example.edu,BIT
02301078,Load Tester,load1078@example.edu,BIT
02301079,Load Tester,load1079@example.edu,BIT
02301080,Load Tester,load1080@example.edu,BIT
02301081,Load Tester,load1081@example.edu,BIT
02301082,Load Tester,load1082@example.edu,BIT
02301083,Load Tester,load1083@example.edu,BIT
02301084,Load Tester,load1084@example.edu,BIT
02301085,Load Tester,load1085@example.edu,BIT
02301086,Load Tester,load1086@example.edu,BIT
02301087,Load Tester,load1087@example.edu,BIT
02301088,Load Tester,load1088@example.edu,BIT
02301089,Load Tester,load1089@example.edu,BIT
02301090,Load Tester,load1090@example.edu,BIT
02301091,Load Tester,load1091@example.edu,BIT
02301092,Load Tester,load1092@example.edu,BIT
02301093,Load Tester,load1093@example.edu,BIT
02301094,Load Tester,load1094@example.edu,BIT
02301095,Load Tester,load1095@example.edu,BIT
02301096,Load Tester,load1096@example.edu,BIT
02301097,Load Tester,load1097@example.edu,BIT
02301098,Load Tester,load1098@example.edu,BIT
02301099,Load Tester,load1099@example.edu,BIT
02301100,Load Tester,load1100@example.edu,BIT
02301101,Load Tester,load1101@example.edu,BIT
02301102,Load Tester,load1102@example.edu,BIT
02301103,Load Tester,load1103@example.edu,BIT
02301104,Load Tester,load1104@example.edu,BIT
02301105,Load Tester,load1105@example.edu,BIT
02301106,Load Tester,load1106@example.edu,BIT
02301107,Load Tester,load1107@example.edu,BIT
02301108,Load Tester,load1108@example.edu,BIT
02301109,Load Tester,load1109@example.edu,BIT
02301110,Load Tester,load1110@example.edu,BIT
02301111,Load Tester,load1111@example.edu,BIT
02301112,Load Tester,load1112@example.edu,BIT
02301113,Load Tester,load1113@example.edu,BIT
02301114,Load Tester,load1114@example.edu,BIT
02301115,Load Tester,load1115@example.edu,BIT
02301116,Load Tester,load1116@example.edu,BIT
02301117,Load Tester,load1117@example.edu,BIT
02301118,Load Tester,load1118@example.edu,BIT
02301119,Load Tester,load1119@example.edu,BIT
02301120,Load Tester,load1120@example.edu,BIT
02301121,Load Tester,load1121@example.edu,BIT
02301122,Load Tester,load1122@example.edu,BIT
02301123,Load Tester,load1123@example.edu,BIT
02301124,Load Tester,load1124@example.edu,BIT
02301125,Load Tester,load1125@example.edu,BIT
02301126,Load Tester,load1126@example.edu,BIT
02301127,Load Tester,load1127@example.edu,BIT
02301128,Load Tester,load1128@example.edu,BIT
02301129,Load Tester,load1129@example.edu,BIT
02301130,Load Tester,load1130@example.edu,BIT
02301131,Load Tester,load1131@example.edu,BIT
02301132,Load Tester,load1132@example.edu,BIT
02301133,Load Tester,load1133@example.edu,BIT
02301134,Load Tester,load1134@example.edu,BIT
02301135,Load Tester,load1135@example.edu,BIT
02301136,Load Tester,load1136@example.edu,BIT
02301137,Load Tester,load1137@example.edu,BIT
02301138,Load Tester,load1138@example.edu,BIT
02301139,Load Tester,load1139@example.edu,BIT
02301140,Load Tester,load1140@example.edu,BIT
02301141,Load Tester,load1141@example.edu,BIT
02301142,Load Tester,load1142@example.edu,BIT
02301143,Load Tester,load1143@example.edu,BIT
02301144,Load Tester,load1144@example.edu,BIT
02301145,Load Tester,load1145@example.edu,BIT
02301146,Load Tester,load1146@example.edu,BIT
02301147,Load Tester,load1147@example.edu,BIT
02301148,Load Tester,load1148@example.edu,BIT
02301149,Load Tester,load1149@example.edu,BIT
02301150,Load Tester,load1150@example.edu,BIT
02301151,Load Tester,load1151@example.edu,BIT
02301152,Load Tester,load1152@example.edu,BIT
02301153,Load Tester,load1153@example.edu,BIT
02301154,Load Tester,load1154@example.edu,BIT
02301155,Load Tester,load1155@example.edu,BIT
02301156,Load Tester,load1156@example.edu,BIT
02301157,Load Tester,load1157@example.edu,BIT
02301158,Load Tester,load1158@example.edu,BIT
02301159,Load Tester,load1159@example.edu,BIT
02301160,Load Tester,load1160@example.edu,BIT
02301161,Load Tester,load1161@example.edu,BIT
02301162,Load Tester,load1162@example.edu,BIT
02301163,Load Tester,load1163@example.edu,BIT
02301164,Load Tester,load1164@example.edu,BIT
02301165,Load Tester,load1165@example.edu,BIT
02301166,Load Tester,load1166@example.edu,BIT
02301167,Load Tester,load1167@example.edu,BIT
02301168,Load Tester,load1168@example.edu,BIT
02301169,Load Tester,load1169@example.edu,BIT
02301170,Load Tester,load1170@example.edu,BIT
02301171,Load Tester,load1171@example.edu,BIT
02301172,Load Tester,load1172@example.edu,BIT
02301173,Load Tester,load1173@example.edu,BIT
02301174,Load Tester,load1174@example.edu,BIT
02301175,Load Tester,load1175@example.edu,BIT
02301176,Load Tester,load1176@example.edu,BIT
02301177,Load Tester,load1177@example.edu,BIT
02301178,Load Tester,load1178@example.edu,BIT
02301179,Load Tester,load1179@example.edu,BIT
02301180,Load Tester,load1180@example.edu,BIT
02301181,Load Tester,load1181@example.edu,BIT
02301182,Load Tester,load1182@example.edu,BIT
02301183,Load Tester,load1183@example.edu,BIT
02301184,Load Tester,load1184@example.edu,BIT
02301185,Load Tester,load1185@example.edu,BIT
02301186,Load Tester,load1186@example.edu,BIT
02301187,Load Tester,load1187@example.edu,BIT
02301188,Load Tester,load1188@example.edu,BIT
02301189,Load Tester,load1189@example.edu,BIT
02301190,Load Tester,load1190@example.edu,BIT
02301191,Load Tester,load1191@example.edu,BIT
02301192,Load Tester,load1192@example.edu,BIT
02301193,Load Tester,load1193@example.edu,BIT
02301194,Load Tester,load1194@example.edu,BIT
02301195,Load Tester,load1195@example.edu,BIT
02301196,Load Tester,load1196@example.edu,BIT
02301197,Load Tester,load1197@example.edu,BIT
02301198,Load Tester,load1198@example.edu,BIT
02301199,Load Tester,load1199@example.edu,BIT
02301200,Load Tester,load1200@example.edu,BIT
02301201,Load Tester,load1201@example.edu,BIT
02301202,Load Tester,load1202@example.edu,BIT
02301203,Load Tester,load1203@example.edu,BIT
02301204,Load Tester,load1204@example.edu,BIT
02301205,Load Tester,load1205@example.edu,BIT
02301206,Load Tester,load1206@example.edu,BIT
02301207,Load Tester,load1207@example.edu,BIT
02301208,Load Tester,load1208@example.edu,BIT
02301209,Load Tester,load1209@example.edu,BIT
02301210,Load Tester,load1210@example.edu,BIT
02301211,Load Tester,load1211@example.edu,BIT
02301212,Load Tester,load1212@example.edu,BIT
02301213,Load Tester,load1213@example.edu,BIT
02301214,Load Tester,load1214@example.edu,BIT
02301215,Load Tester,load1215@example.edu,BIT
02301216,Load Tester,load1216@example.edu,BIT
02301217,Load Tester,load1217@example.edu,BIT
02301218,Load Tester,load1218@example.edu,BIT
02301219,Load Tester,load1219@example.edu,BIT
02301220,Load Tester,load1220@example.edu,BIT
02301221,Load Tester,load1221@example.edu,BIT
02301222,Load Tester,load1222@example.edu,BIT
02301223,Load Tester,load1223@example.edu,BIT
02301224,Load Tester,load1224@example.edu,BIT
02301225,Load Tester,load1225@example.edu,BIT
02301226,Load Tester,load1226@example.edu,BIT
02301227,Load Tester,load1227@example.edu,BIT
02301228,Load Tester,load1228@example.edu,BIT
02301229,Load Tester,load1229@example.edu,BIT
02301230,Load Tester,load1230@example.edu,BIT
02301231,Load Tester,load1231@example.edu,BIT
02301232,Load Tester,load1232@example.edu,BIT
02301233,Load Tester,load1233@example.edu,BIT
02301234,Load Tester,load1234@example.edu,BIT
02301235,Load Tester,load1235@example.edu,BIT
02301236,Load Tester,load1236@example.edu,BIT
02301237,Load Tester,load1237@example.edu,BIT
02301238,Load Tester,load1238@example.edu,BIT
02301239,Load Tester,load1239@example.edu,BIT
02301240,Load Tester,load1240@example.edu,BIT
02301241,Load Tester,load1241@example.edu,BIT
02301242,Load Tester,load1242@example.edu,BIT
02301243,Load Tester,load1243@example.edu,BIT
02301244,Load Tester,load1244@example.edu,BIT
02301245,Load Tester,load1245@example.edu,BIT
02301246,Load Tester,load1246@example.edu,BIT
02301247,Load Tester,load1247@example.edu,BIT
02301248,Load Tester,load1248@example.edu,BIT
02301249,Load Tester,load1249@example.edu,BIT
02301250,Load Tester,load1250@example.edu,BIT
02301251,Load Tester,load1251@example.edu,BIT
02301252,Load Tester,load1252@example.edu,BIT
02301253,Load Tester,load1253@example.edu,BIT
02301254,Load Tester,load1254@example.edu,BIT
02301255,Load Tester,load1255@example.edu,BIT
02301256,Load Tester,load1256@example.edu,BIT
02301257,Load Tester,load1257@example.edu,BIT
02301258,Load Tester,load1258@example.edu,BIT
02301259,Load Tester,load1259@example.edu,BIT
02301260,Load Tester,load1260@example.edu,BIT
02301261,Load Tester,load1261@example.edu,BIT
02301262,Load Tester,load1262@example.edu,BIT
02301263,Load Tester,load1263@example.edu,BIT
02301264,Load Tester,load1264@example.edu,BIT
02301265,Load Tester,load1265@example.edu,BIT
02301266,Load Tester,load1266@example.edu,BIT
02301267,Load Tester,load1267@example.edu,BIT
02301268,Load Tester,load1268@example.edu,BIT
02301269,Load Tester,load1269@example.edu,BIT
02301270,Load Tester,load1270@example.edu,BIT
02301271,Load Tester,load1271@example.edu,BIT
02301272,Load Tester,load1272@example.edu,BIT
02301273,Load Tester,load1273@example.edu,BIT
02301274,Load Tester,load1274@example.edu,BIT
02301275,Load Tester,load1275@example.edu,BIT
02301276,Load Tester,load1276@example.edu,BIT
02301277,Load Tester,load1277@example.edu,BIT
02301278,Load Tester,load1278@example.edu,BIT
02301279,Load Tester,load1279@example.edu,BIT
02301280,Load Tester,load1280@example.edu,BIT
02301281,Load Tester,load1281@example.edu,BIT
02301282,Load Tester,load1282@example.edu,BIT
02301283,Load Tester,load1283@example.edu,BIT
02301284,Load Tester,load1284@example.edu,BIT
02301285,Load Tester,load1285@example.edu,BIT
02301286,Load Tester,load1286@example.edu,BIT
02301287,Load Tester,load1287@example.edu,BIT
02301288,Load Tester,load1288@example.edu,BIT
02301289,Load Tester,load1289@example.edu,BIT
02301290,Load Tester,load1290@example.edu,BIT
02301291,Load Tester,load1291@example.edu,BIT
02301292,Load Tester,load1292@example.edu,BIT
02301293,Load Tester,load1293@example.edu,BIT
02301294,Load Tester,load1294@example.edu,BIT
02301295,Load Tester,load1295@example.edu,BIT
02301296,Load Tester,load1296@example.edu,BIT
02301297,Load Tester,load1297@example.edu,BIT
02301298,Load Tester,load1298@example.edu,BIT
02301299,Load Tester,load1299@example.edu,BIT
02301300,Load Tester,load1300@example.edu,BIT
02301301,Load Tester,load1301@example.edu,BIT
02301302,Load Tester,load1302@example.edu,BIT
02301303,Load Tester,load1303@example.edu,BIT
02301304,Load Tester,load1304@example.edu,BIT
02301305,Load Tester,load1305@example.edu,BIT
02301306,Load Tester,load1306@example.edu,BIT
02301307,Load Tester,load1307@example.edu,BIT
02301308,Load Tester,load1308@example.edu,BIT
02301309,Load Tester,load1309@example.edu,BIT
02301310,Load Tester,load1310@example.edu,BIT
02301311,Load Tester,load1311@example.edu,BIT
02301312,Load Tester,load1312@example.edu,BIT
02301313,Load Tester,load1313@example.edu,BIT
02301314,Load Tester,load1314@example.edu,BIT
02301315,Load Tester,load1315@example.edu,BIT
02301316,Load Tester,load1316@example.edu,BIT
02301317,Load Tester,load1317@example.edu,BIT
02301318,Load Tester,load1318@example.edu,BIT
02301319,Load Tester,load1319@example.edu,BIT
02301320,Load Tester,load1320@example.edu,BIT
02301321,Load Tester,load1321@example.edu,BIT
02301322,Load Tester,load1322@example.edu,BIT
02301323,Load Tester,load1323@example.edu,BIT
02301324,Load Tester,load1324@example.edu,BIT
02301325,Load Tester,load1325@example.edu,BIT
02301326,Load Tester,load1326@example.edu,BIT
02301327,Load Tester,load1327@example.edu,BIT
02301328,Load Tester,load1328@example.edu,BIT
02301329,Load Tester,load1329@example.edu,BIT
02301330,Load Tester,load1330@example.edu,BIT
02301331,Load Tester,load1331@example.edu,BIT
02301332,Load Tester,load1332@example.edu,BIT
02301333,Load Tester,load1333@example.edu,BIT
02301334,Load Tester,load1334@example.edu,BIT
02301335,Load Tester,load1335@example.edu,BIT
02301336,Load Tester,load1336@example.edu,BIT
02301337,Load Tester,load1337@example.edu,BIT
02301338,Load Tester,load1338@example.edu,BIT
02301339,Load Tester,load1339@example.edu,BIT
02301340,Load Tester,load1340@example.edu,BIT
02301341,Load Tester,load1341@example.edu,BIT
02301342,Load Tester,load1342@example.edu,BIT
02301343,Load Tester,load1343@example.edu,BIT
02301344,Load Tester,load1344@example.edu,BIT
02301345,Load Tester,load1345@example.edu,BIT
02301346,Load Tester,load1346@example.edu,BIT
02301347,Load Tester,load1347@example.edu,BIT
02301348,Load Tester,load1348@example.edu,BIT
02301349,Load Tester,load1349@example.edu,BIT
02301350,Load Tester,load1350@example.edu,BIT
02301351,Load Tester,load1351@example.edu,BIT
02301352,Load Tester,load1352@example.edu,BIT
02301353,Load Tester,load1353@example.edu,BIT
02301354,Load Tester,load1354@example.edu,BIT
02301355,Load Tester,load1355@example.edu,BIT
02301356,Load Tester,load1356@example.edu,BIT
02301357,Load Tester,load1357@example.edu,BIT
02301358,Load Tester,load1358@example.edu,BIT
02301359,Load Tester,load1359@example.edu,BIT
02301360,Load Tester,load1360@example.edu,BIT
02301361,Load Tester,load1361@example.edu,BIT
02301362,Load Tester,load1362@example.edu,BIT
02301363,Load Tester,load1363@example.edu,BIT
02301364,Load Tester,load1364@example.edu,BIT
02301365,Load Tester,load1365@example.edu,BIT
02301366,Load Tester,load1366@example.edu,BIT
02301367,Load Tester,load1367@example.edu,BIT
02301368,Load Tester,load1368@example.edu,BIT
02301369,Load Tester,load1369@example.edu,BIT
02301370,Load Tester,load1370@example.edu,BIT
02301371,Load Tester,load1371@example.edu,BIT
02301372,Load Tester,load1372@example.edu,BIT
02301373,Load Tester,load1373@example.edu,BIT
02301374,Load Tester,load1374@example.edu,BIT
02301375,Load Tester,load1375@example.edu,BIT
02301376,Load Tester,load1376@example.edu,BIT
02301377,Load Tester,load1377@example.edu,BIT
02301378,Load Tester,load1378@example.edu,BIT
02301379,Load Tester,load1379@example.edu,BIT
02301380,Load Tester,load1380@example.edu,BIT
02301381,Load Tester,load1381@example.edu,BIT
02301382,Load Tester,load1382@example.edu,BIT
02301383,Load Tester,load1383@example.edu,BIT
02301384,Load Tester,load1384@example.edu,BIT
02301385,Load Tester,load1385@example.edu,BIT
02301386,Load Tester,load1386@example.edu,BIT
02301387,Load Tester,load1387@example.edu,BIT
02301388,Load Tester,load1388@example.edu,BIT
02301389,Load Tester,load1389@example.edu,BIT
02301390,Load Tester,load1390@example.edu,BIT
02301391,Load Tester,load1391@example.edu,BIT
02301392,Load Tester,load1392@example.edu,BIT
02301393,Load Tester,load1393@example.edu,BIT
02301394,Load Tester,load1394@example.edu,BIT
02301395,Load Tester,load1395@example.edu,BIT
02301396,Load Tester,load1396@example.edu,BIT
02301397,Load Tester,load1397@example.edu,BIT
02301398,Load Tester,load1398@example.edu,BIT
02301399,Load Tester,load1399@example.edu,BIT
02301400,Load Tester,load1400@example.edu,BIT
02301401,Load Tester,load1401@example.edu,BIT
02301402,Load Tester,load1402@example.edu,BIT
02301403,Load Tester,load1403@example.edu,BIT
02301404,Load Tester,load1404@example.edu,BIT
02301405,Load Tester,load1405@example.edu,BIT
02301406,Load Tester,load1406@example.edu,BIT
02301407,Load Tester,load1407@example.edu,BIT
02301408,Load Tester,load1408@example.edu,BIT
02301409,Load Tester,load1409@example.edu,BIT
02301410,Load Tester,load1410@example.edu,BIT
02301411,Load Tester,load1411@example.edu,BIT
02301412,Load Tester,load1412@example.edu,BIT
02301413,Load Tester,load1413@example.edu,BIT
02301414,Load Tester,load1414@example.edu,BIT
02301415,Load Tester,load1415@example.edu,BIT
02301416,Load Tester,load1416@example.edu,BIT
02301417,Load Tester,load1417@example.edu,BIT
02301418,Load Tester,load1418@example.edu,BIT
02301419,Load Tester,load1419@example.edu,BIT
02301420,Load Tester,load1420@example.edu,BIT
02301421,Load Tester,load1421@example.edu,BIT
02301422,Load Tester,load1422@example.edu,BIT
02301423,Load Tester,load1423@example.edu,BIT
02301424,Load Tester,load1424@example.edu,BIT
02301425,Load Tester,load1425@example.edu,BIT
02301426,Load Tester,load1426@example.edu,BIT
02301427,Load Tester,load1427@example.edu,BIT
02301428,Load Tester,load1428@example.edu,BIT
02301429,Load Tester,load1429@example.edu,BIT
02301430,Load Tester,load1430@example.edu,BIT
02301431,Load Tester,load1431@example.edu,BIT
02301432,Load Tester,load1432@example.edu,BIT
02301433,Load Tester,load1433@example.edu,BIT
02301434,Load Tester,load1434@example.edu,BIT
02301435,Load Tester,load1435@example.edu,BIT
02301436,Load Tester,load1436@example.edu,BIT
02301437,Load Tester,load1437@example.edu,BIT
02301438,Load Tester,load1438@example.edu,BIT
02301439,Load Tester,load1439@example.edu,BIT
02301440,Load Tester,load1440@example.edu,BIT
02301441,Load Tester,load1441@example.edu,BIT
02301442,Load Tester,load1442@example.edu,BIT
02301443,Load Tester,load1443@example.edu,BIT
02301444,Load Tester,load1444@example.edu,BIT
02301445,Load Tester,load1445@example.edu,BIT
02301446,Load Tester,load1446@example.edu,BIT
02301447,Load Tester,load1447@example.edu,BIT
02301448,Load Tester,load1448@example.edu,BIT
02301449,Load Tester,load1449@example.edu,BIT
02301450,Load Tester,load1450@example.edu,BIT
02301451,Load Tester,load1451@example.edu,BIT
02301452,Load Tester,load1452@example.edu,BIT
02301453,Load Tester,load1453@example.edu,BIT
02301454,Load Tester,load1454@example.edu,BIT
02301455,Load Tester,load1455@example.edu,BIT
02301456,Load Tester,load1456@example.edu,BIT
02301457,Load Tester,load1457@example.edu,BIT
02301458,Load Tester,load1458@example.edu,BIT
02301459,Load Tester,load1459@example.edu,BIT
02301460,Load Tester,load1460@example.edu,BIT
02301461,Load Tester,load1461@example.edu,BIT
02301462,Load Tester,load1462@example.edu,BIT
02301463,Load Tester,load1463@example.edu,BIT
02301464,Load Tester,load1464@example.edu,BIT
02301465,Load Tester,load1465@example.edu,BIT
02301466,Load Tester,load1466@example.edu,BIT
02301467,Load Tester,load1467@example.edu,BIT
02301468,Load Tester,load1468@example.edu,BIT
02301469,Load Tester,load1469@example.edu,BIT
02301470,Load Tester,load1470@example.edu,BIT
02301471,Load Tester,load1471@example.edu,BIT
02301472,Load Tester,load1472@example.edu,BIT
02301473,Load Tester,load1473@example.edu,BIT
02301474,Load Tester,load1474@example.edu,BIT
02301475,Load Tester,load1475@example.edu,BIT
02301476,Load Tester,load1476@example.edu,BIT
02301477,Load Tester,load1477@example.edu,BIT
02301478,Load Tester,load1478@example.edu,BIT
02301479,Load Tester,load1479@example.edu,BIT
02301480,Load Tester,load1480@example.edu,BIT
02301481,Load Tester,load1481@example.edu,BIT
02301482,Load Tester,load1482@example.edu,BIT
02301483,Load Tester,load1483@example.edu,BIT
02301484,Load Tester,load1484@example.edu,BIT
02301485,Load Tester,load1485@example.edu,BIT
02301486,Load Tester,load1486@example.edu,BIT
02301487,Load Tester,load1487@example.edu,BIT
02301488,Load Tester,load1488@example.edu,BIT
02301489,Load Tester,load1489@example.edu,BIT
02301490,Load Tester,load1490@example.edu,BIT
02301491,Load Tester,load1491@example.edu,BIT
02301492,Load Tester,load1492@example.edu,BIT
02301493,Load Tester,load1493@example.edu,BIT
02301494,Load Tester,load1494@example.edu,BIT
02301495,Load Tester,load1495@example.edu,BIT
02301496,Load Tester,load1496@example.edu,BIT
02301497,Load Tester,load1497@example.edu,BIT
02301498,Load Tester,load1498@example.edu,BIT
02301499,Load Tester,load1499@example.edu,BIT
02301500,Load Tester,load1500@example.edu,BIT
02301501,Load Tester,load1501@example.edu,BIT
02301502,Load Tester,load1502@example.edu,BIT
02301503,Load Tester,load1503@example.edu,BIT
02301504,Load Tester,load1504@example.edu,BIT
02301505,Load Tester,load1505@example.edu,BIT
02301506,Load Tester,load1506@example.edu,BIT
02301507,Load Tester,load1507@example.edu,BIT
02301508,Load Tester,load1508@example.edu,BIT
02301509,Load Tester,load1509@example.edu,BIT
02301510,Load Tester,load1510@example.edu,BIT
02301511,Load Tester,load1511@example.edu,BIT
02301512,Load Tester,load1512@example.edu,BIT
02301513,Load Tester,load1513@example.edu,BIT
02301514,Load Tester,load1514@example.edu,BIT
02301515,Load Tester,load1515@example.edu,BIT
02301516,Load Tester,load1516@example.edu,BIT
02301517,Load Tester,load1517@example.edu,BIT
02301518,Load Tester,load1518@example.edu,BIT
02301519,Load Tester,load1519@example.edu,BIT
02301520,Load Tester,load1520@example.edu,BIT
02301521,Load Tester,load1521@example.edu,BIT
02301522,Load Tester,load1522@example.edu,BIT
02301523,Load Tester,load1523@example.edu,BIT
02301524,Load Tester,load1524@example.edu,BIT
02301525,Load Tester,load1525@example.edu,BIT
02301526,Load Tester,load1526@example.edu,BIT
02301527,Load Tester,load1527@example.edu,BIT
02301528,Load Tester,load1528@example.edu,BIT
02301529,Load Tester,load1529@example.edu,BIT
02301530,Load Tester,load1530@example.edu,BIT
02301531,Load Tester,load1531@example.edu,BIT
02301532,Load Tester,load1532@example.edu,BIT
02301533,Load Tester,load1533@example.edu,BIT
02301534,Load Tester,load1534@example.edu,BIT
02301535,Load Tester,load1535@example.edu,BIT
02301536,Load Tester,load1536@example.edu,BIT
02301537,Load Tester,load1537@example.edu,BIT
02301538,Load Tester,load1538@example.edu,BIT
02301539,Load Tester,load1539@example.edu,BIT
02301540,Load Tester,load1540@example.edu,BIT
02301541,Load Tester,load1541@example.edu,BIT
02301542,Load Tester,load1542@example.edu,BIT
02301543,Load Tester,load1543@example.edu,BIT
02301544,Load Tester,load1544@example.edu,BIT
02301545,Load Tester,load1545@example.edu,BIT
02301546,Load Tester,load1546@example.edu,BIT
02301547,Load Tester,load1547@example.edu,BIT
02301548,Load Tester,load1548@example.edu,BIT
02301549,Load Tester,load1549@example.edu,BIT
02301550,Load Tester,load1550@example.edu,BIT
02301551,Load Tester,load1551@example.edu,BIT
02301552,Load Tester,load1552@example.edu,BIT
02301553,Load Tester,load1553@example.edu,BIT
02301554,Load Tester,load1554@example.edu,BIT
02301555,Load Tester,load1555@example.edu,BIT
02301556,Load Tester,load1556@example.edu,BIT
02301557,Load Tester,load1557@example.edu,BIT
02301558,Load Tester,load1558@example.edu,BIT
02301559,Load Tester,load1559@example.edu,BIT
02301560,Load Tester,load1560@example.edu,BIT
02301561,Load Tester,load1561@example.edu,BIT
02301562,Load Tester,load1562@example.edu,BIT
02301563,Load Tester,load1563@example.edu,BIT
02301564,Load Tester,load1564@example.edu,BIT
02301565,Load Tester,load1565@example.edu,BIT
02301566,Load Tester,load1566@example.edu,BIT
02301567,Load Tester,load1567@example.edu,BIT
02301568,Load Tester,load1568@example.edu,BIT
02301569,Load Tester,load1569@example.edu,BIT
02301570,Load Tester,load1570@example.edu,BIT
02301571,Load Tester,load1571@example.edu,BIT
02301572,Load Tester,load1572@example.edu,BIT
02301573,Load Tester,load1573@example.edu,BIT
02301574,Load Tester,load1574@example.edu,BIT
02301575,Load Tester,load1575@example.edu,BIT
02301576,Load Tester,load1576@example.edu,BIT
02301577,Load Tester,load1577@example.edu,BIT
02301578,Load Tester,load1578@example.edu,BIT
02301579,Load Tester,load1579@example.edu,BIT
02301580,Load Tester,load1580@example.edu,BIT
02301581,Load Tester,load1581@example.edu,BIT
02301582,Load Tester,load1582@example.edu,BIT
02301583,Load Tester,load1583@example.edu,BIT
02301584,Load Tester,load1584@example.edu,BIT
02301585,Load Tester,load1585@example.edu,BIT
02301586,Load Tester,load1586@example.edu,BIT
02301587,Load Tester,load1587@example.edu,BIT
02301588,Load Tester,load1588@example.edu,BIT
02301589,Load Tester,load1589@example.edu,BIT
02301590,Load Tester,load1590@example.edu,BIT
02301591,Load Tester,load1591@example.edu,BIT
02301592,Load Tester,load1592@example.edu,BIT
02301593,Load Tester,load1593@example.edu,BIT
02301594,Load Tester,load1594@example.edu,BIT
02301595,Load Tester,load1595@example.edu,BIT
02301596,Load Tester,load1596@example.edu,BIT
02301597,Load Tester,load1597@example.edu,BIT
02301598,Load Tester,load1598@example.edu,BIT
02301599,Load Tester,load1599@example.edu,BIT
02301600,Load Tester,load1600@example.edu,BIT
02301601,Load Tester,load1601@example.edu,BIT
02301602,Load Tester,load1602@example.edu,BIT
02301603,Load Tester,load1603@example.edu,BIT
02301604,Load Tester,load1604@example.edu,BIT
02301605,Load Tester,load1605@example.edu,BIT
02301606,Load Tester,load1606@example.edu,BIT
02301607,Load Tester,load1607@example.edu,BIT
02301608,Load Tester,load1608@example.edu,BIT
02301609,Load Tester,load1609@example.edu,BIT
02301610,Load Tester,load1610@example.edu,BIT
02301611,Load Tester,load1611@example.edu,BIT
02301612,Load Tester,load1612@example.edu,BIT
02301613,Load Tester,load1613@example.edu,BIT
02301614,Load Tester,load1614@example.edu,BIT
02301615,Load Tester,load1615@example.edu,BIT
02301616,Load Tester,load1616@example.edu,BIT
02301617,Load Tester,load1617@example.edu,BIT
02301618,Load Tester,load1618@example.edu,BIT
02301619,Load Tester,load1619@example.edu,BIT
02301620,Load Tester,load1620@example.edu,BIT
02301621,Load Tester,load1621@example.edu,BIT
02301622,Load Tester,load1622@example.edu,BIT
02301623,Load Tester,load1623@example.edu,BIT
02301624,Load Tester,load1624@example.edu,BIT
02301625,Load Tester,load1625@example.edu,BIT
02301626,Load Tester,load1626@example.edu,BIT
02301627,Load Tester,load1627@example.edu,BIT
02301628,Load Tester,load1628@example.edu,BIT
02301629,Load Tester,load1629@example.edu,BIT
02301630,Load Tester,load1630@example.edu,BIT
02301631,Load Tester,load1631@example.edu,BIT
02301632,Load Tester,load1632@example.edu,BIT
02301633,Load Tester,load1633@example.edu,BIT
02301634,Load Tester,load1634@example.edu,BIT
02301635,Load Tester,load1635@example.edu,BIT
02301636,Load Tester,load1636@example.edu,BIT
02301637,Load Tester,load1637@example.edu,BIT
02301638,Load Tester,load1638@example.edu,BIT
02301639,Load Tester,load1639@example.edu,BIT
02301640,Load Tester,load1640@example.edu,BIT
02301641,Load Tester,load1641@example.edu,BIT
02301642,Load Tester,load1642@example.edu,BIT
02301643,Load Tester,load1643@example.edu,BIT
02301644,Load Tester,load1644@example.edu,BIT
02301645,Load Tester,load1645@example.edu,BIT
02301646,Load Tester,load1646@example.edu,BIT
02301647,Load Tester,load1647@example.edu,BIT
02301648,Load Tester,load1648@example.edu,BIT
02301649,Load Tester,load1649@example.edu,BIT
02301650,Load Tester,load1650@example.edu,BIT
02301651,Load Tester,load1651@example.edu,BIT
02301652,Load Tester,load1652@example.edu,BIT
02301653,Load Tester,load1653@example.edu,BIT
02301654,Load Tester,load1654@example.edu,BIT
02301655,Load Tester,load1655@example.edu,BIT
02301656,Load Tester,load1656@example.edu,BIT
02301657,Load Tester,load1657@example.edu,BIT
02301658,Load Tester,load1658@example.edu,BIT
02301659,Load Tester,load1659@example.edu,BIT
02301660,Load Tester,load1660@example.edu,BIT
02301661,Load Tester,load1661@example.edu,BIT
02301662,Load Tester,load1662@example.edu,BIT
02301663,Load Tester,load1663@example.edu,BIT
02301664,Load Tester,load1664@example.edu,BIT
02301665,Load Tester,load1665@example.edu,BIT
02301666,Load Tester,load1666@example.edu,BIT
02301667,Load Tester,load1667@example.edu,BIT
02301668,Load Tester,load1668@example.edu,BIT
02301669,Load Tester,load1669@example.edu,BIT
02301670,Load Tester,load1670@example.edu,BIT
02301671,Load Tester,load1671@example.edu,BIT
02301672,Load Tester,load1672@example.edu,BIT
02301673,Load Tester,load1673@example.edu,BIT
02301674,Load Tester,load1674@example.edu,BIT
02301675,Load Tester,load1675@example.edu,BIT
02301676,Load Tester,load1676@example.edu,BIT
02301677,Load Tester,load1677@example.edu,BIT
02301678,Load Tester,load1678@example.edu,BIT
02301679,Load Tester,load1679@example.edu,BIT
02301680,Load Tester,load1680@example.edu,BIT
02301681,Load Tester,load1681@example.edu,BIT
02301682,Load Tester,load1682@example.edu,BIT
02301683,Load Tester,load1683@example.edu,BIT
02301684,Load Tester,load1684@example.edu,BIT
02301685,Load Tester,load1685@example.edu,BIT
02301686,Load Tester,load1686@example.edu,BIT
02301687,Load Tester,load1687@example.edu,BIT
02301688,Load Tester,load1688@example.edu,BIT
02301689,Load Tester,load1689@example.edu,BIT
02301690,Load Tester,load1690@example.edu,BIT
02301691,Load Tester,load1691@example.edu,BIT
02301692,Load Tester,load1692@example.edu,BIT
02301693,Load Tester,load1693@example.edu,BIT
02301694,Load Tester,load1694@example.edu,BIT
02301695,Load Tester,load1695@example.edu,BIT
02301696,Load Tester,load1696@example.edu,BIT
02301697,Load Tester,load1697@example.edu,BIT
02301698,Load Tester,load1698@example.edu,BIT
02301699,Load Tester,load1699@example.edu,BIT
02301700,Load Tester,load1700@example.edu,BIT
02301701,Load Tester,load1701@example.edu,BIT
02301702,Load Tester,load1702@example.edu,BIT
02301703,Load Tester,load1703@example.edu,BIT
02301704,Load Tester,load1704@example.edu,BIT
02301705,Load Tester,load1705@example.edu,BIT
02301706,Load Tester,load1706@example.edu,BIT
02301707,Load Tester,load1707@example.edu,BIT
02301708,Load Tester,load1708@example.edu,BIT
02301709,Load Tester,load1709@example.edu,BIT
02301710,Load Tester,load1710@example.edu,BIT
02301711,Load Tester,load1711@example.edu,BIT
02301712,Load Tester,load1712@example.edu,BIT
02301713,Load Tester,load1713@example.edu,BIT
02301714,Load Tester,load1714@example.edu,BIT
02301715,Load Tester,load1715@example.edu,BIT
02301716,Load Tester,load1716@example.edu,BIT
02301717,Load Tester,load1717@example.edu,BIT
02301718,Load Tester,load1718@example.edu,BIT
02301719,Load Tester,load1719@example.edu,BIT
02301720,Load Tester,load1720@example.edu,BIT
02301721,Load Tester,load1721@example.edu,BIT
02301722,Load Tester,load1722@example.edu,BIT
02301723,Load Tester,load1723@example.edu,BIT
02301724,Load Tester,load1724@example.edu,BIT
02301725,Load Tester,load1725@example.edu,BIT
02301726,Load Tester,load1726@example.edu,BIT
02301727,Load Tester,load1727@example.edu,BIT
02301728,Load Tester,load1728@example.edu,BIT
02301729,Load Tester,load1729@example.edu,BIT
02301730,Load Tester,load1730@example.edu,BIT
02301731,Load Tester,load1731@example.edu,BIT
02301732,Load Tester,load1732@example.edu,BIT
02301733,Load Tester,load1733@example.edu,BIT
02301734,Load Tester,load1734@example.edu,BIT
02301735,Load Tester,load1735@example.edu,BIT
02301736,Load Tester,load1736@example.edu,BIT
02301737,Load Tester,load1737@example.edu,BIT
02301738,Load Tester,load1738@example.edu,BIT
02301739,Load Tester,load1739@example.edu,BIT
02301740,Load Tester,load1740@example.edu,BIT
02301741,Load Tester,load1741@example.edu,BIT
02301742,Load Tester,load1742@example.edu,BIT
02301743,Load Tester,load1743@example.edu,BIT
02301744,Load Tester,load1744@example.edu,BIT
02301745,Load Tester,load1745@example.edu,BIT
02301746,Load Tester,load1746@example.edu,BIT
02301747,Load Tester,load1747@example.edu,BIT
02301748,Load Tester,load1748@example.edu,BIT
02301749,Load Tester,load1749@example.edu,BIT
02301750,Load Tester,load1750@example.edu,BIT
02301751,Load Tester,load1751@example.edu,BIT
02301752,Load Tester,load1752@example.edu,BIT
02301753,Load Tester,load1753@example.edu,BIT
02301754,Load Tester,load1754@example.edu,BIT
02301755,Load Tester,load1755@example.edu,BIT
02301756,Load Tester,load1756@example.edu,BIT
02301757,Load Tester,load1757@example.edu,BIT
02301758,Load Tester,load1758@example.edu,BIT
02301759,Load Tester,load1759@example.edu,BIT
02301760,Load Tester,load1760@example.edu,BIT
02301761,Load Tester,load1761@example.edu,BIT
02301762,Load Tester,load1762@example.edu,BIT
02301763,Load Tester,load1763@example.edu,BIT
02301764,Load Tester,load1764@example.edu,BIT
02301765,Load Tester,load1765@example.edu,BIT
02301766,Load Tester,load1766@example.edu,BIT
02301767,Load Tester,load1767@example.edu,BIT
02301768,Load Tester,load1768@example.edu,BIT
02301769,Load Tester,load1769@example.edu,BIT
02301770,Load Tester,load1770@example.edu,BIT
02301771,Load Tester,load1771@example.edu,BIT
02301772,Load Tester,load1772@example.edu,BIT
02301773,Load Tester,load1773@example.edu,BIT
02301774,Load Tester,load1774@example.edu,BIT
02301775,Load Tester,load1775@example.edu,BIT
02301776,Load Tester,load1776@example.edu,BIT
02301777,Load Tester,load1777@example.edu,BIT
02301778,Load Tester,load1778@example.edu,BIT
02301779,Load Tester,load1779@example.edu,BIT
02301780,Load Tester,load1780@example.edu,BIT
02301781,Load Tester,load1781@example.edu,BIT
02301782,Load Tester,load1782@example.edu,BIT
02301783,Load Tester,load1783@example.edu,BIT
02301784,Load Tester,load1784@example.edu,BIT
02301785,Load Tester,load1785@example.edu,BIT
02301786,Load Tester,load1786@example.edu,BIT
02301787,Load Tester,load1787@example.edu,BIT
02301788,Load Tester,load1788@example.edu,BIT
02301789,Load Tester,load1789@example.edu,BIT
02301790,Load Tester,load1790@example.edu,BIT
02301791,Load Tester,load1791@example.edu,BIT
02301792,Load Tester,load1792@example.edu,BIT
02301793,Load Tester,load1793@example.edu,BIT
02301794,Load Tester,load1794@example.edu,BIT
02301795,Load Tester,load1795@example.edu,BIT
02301796,Load Tester,load1796@example.edu,BIT
02301797,Load Tester,load1797@example.edu,BIT
02301798,Load Tester,load1798@example.edu,BIT
02301799,Load Tester,load1799@example.edu,BIT
02301800,Load Tester,load1800@example.edu,BIT
02301801,Load Tester,load1801@example.edu,BIT
02301802,Load Tester,load1802@example.edu,BIT
02301803,Load Tester,load1803@example.edu,BIT
02301804,Load Tester,load1804@example.edu,BIT
02301805,Load Tester,load1805@example.edu,BIT
02301806,Load Tester,load1806@example.edu,BIT
02301807,Load Tester,load1807@example.edu,BIT
02301808,Load Tester,load1808@example.edu,BIT
02301809,Load Tester,load1809@example.edu,BIT
02301810,Load Tester,load1810@example.edu,BIT
02301811,Load Tester,load1811@example.edu,BIT
02301812,Load Tester,load1812@example.edu,BIT
02301813,Load Tester,load1813@example.edu,BIT
02301814,Load Tester,load1814@example.edu,BIT
02301815,Load Tester,load1815@example.edu,BIT
02301816,Load Tester,load1816@example.edu,BIT
02301817,Load Tester,load1817@example.edu,BIT
02301818,Load Tester,load1818@example.edu,BIT
02301819,Load Tester,load1819@example.edu,BIT
02301820,Load Tester,load1820@example.edu,BIT
02301821,Load Tester,load1821@example.edu,BIT
02301822,Load Tester,load1822@example.edu,BIT
02301823,Load Tester,load1823@example.edu,BIT
02301824,Load Tester,load1824@example.edu,BIT
02301825,Load Tester,load1825@example.edu,BIT
02301826,Load Tester,load1826@example.edu,BIT
02301827,Load Tester,load1827@example.edu,BIT
02301828,Load Tester,load1828@example.edu,BIT
02301829,Load Tester,load1829@example.edu,BIT
02301830,Load Tester,load1830@example.edu,BIT
02301831,Load Tester,load1831@example.edu,BIT
02301832,Load Tester,load1832@example.edu,BIT
02301833,Load Tester,load1833@example.edu,BIT
02301834,Load Tester,load1834@example.edu,BIT
02301835,Load Tester,load1835@example.edu,BIT
02301836,Load Tester,load1836@example.edu,BIT
02301837,Load Tester,load1837@example.edu,BIT
02301838,Load Tester,load1838@example.edu,BIT
02301839,Load Tester,load1839@example.edu,BIT
02301840,Load Tester,load1840@example.edu,BIT
02301841,Load Tester,load1841@example.edu,BIT
02301842,Load Tester,load1842@example.edu,BIT
02301843,Load Tester,load1843@example.edu,BIT
02301844,Load Tester,load1844@example.edu,BIT
02301845,Load Tester,load1845@example.edu,BIT
02301846,Load Tester,load1846@example.edu,BIT
02301847,Load Tester,load1847@example.edu,BIT
02301848,Load Tester,load1848@example.edu,BIT
02301849,Load Tester,load1849@example.edu,BIT
02301850,Load Tester,load1850@example.edu,BIT
02301851,Load Tester,load1851@example.edu,BIT
02301852,Load Tester,load1852@example.edu,BIT
02301853,Load Tester,load1853@example.edu,BIT
02301854,Load Tester,load1854@example.edu,BIT
02301855,Load Tester,load1855@example.edu,BIT
02301856,Load Tester,load1856@example.edu,BIT
02301857,Load Tester,load1857@example.edu,BIT
02301858,Load Tester,load1858@example.edu,BIT
02301859,Load Tester,load1859@example.edu,BIT
02301860,Load Tester,load1860@example.edu,BIT
02301861,Load Tester,load1861@example.edu,BIT
02301862,Load Tester,load1862@example.edu,BIT
02301863,Load Tester,load1863@example.edu,BIT
02301864,Load Tester,load1864@example.edu,BIT
02301865,Load Tester,load1865@example.edu,BIT
02301866,Load Tester,load1866@example.edu,BIT
02301867,Load Tester,load1867@example.edu,BIT
02301868,Load Tester,load1868@example.edu,BIT
02301869,Load Tester,load1869@example.edu,BIT
02301870,Load Tester,load1870@example.edu,BIT
02301871,Load Tester,load1871@example.edu,BIT
02301872,Load Tester,load1872@example.edu,BIT
02301873,Load Tester,load1873@example.edu,BIT
02301874,Load Tester,load1874@example.edu,BIT
02301875,Load Tester,load1875@example.edu,BIT
02301876,Load Tester,load1876@example.edu,BIT
02301877,Load Tester,load1877@example.edu,BIT
02301878,Load Tester,load1878@example.edu,BIT
02301879,Load Tester,load1879@example.edu,BIT
02301880,Load Tester,load1880@example.edu,BIT
02301881,Load Tester,load1881@example.edu,BIT
02301882,Load Tester,load1882@example.edu,BIT
02301883,Load Tester,load1883@example.edu,BIT
02301884,Load Tester,load1884@example.edu,BIT
02301885,Load Tester,load1885@example.edu,BIT
02301886,Load Tester,load1886@example.edu,BIT
02301887,Load Tester,load1887@example.edu,BIT
02301888,Load Tester,load1888@example.edu,BIT
02301889,Load Tester,load1889@example.edu,BIT
02301890,Load Tester,load1890@example.edu,BIT
02301891,Load Tester,load1891@example.edu,BIT
02301892,Load Tester,load1892@example.edu,BIT
02301893,Load Tester,load1893@example.edu,BIT
02301894,Load Tester,load1894@example.edu,BIT
02301895,Load Tester,load1895@example.edu,BIT
02301896,Load Tester,load1896@example.edu,BIT
02301897,Load Tester,load1897@example.edu,BIT
02301898,Load Tester,load1898@example.edu,BIT
02301899,Load Tester,load1899@example.edu,BIT
02301900,Load Tester,load1900@example.edu,BIT
02301901,Load Tester,load1901@example.edu,BIT
02301902,Load Tester,load1902@example.edu,BIT
02301903,Load Tester,load1903@example.edu,BIT
02301904,Load Tester,load1904@example.edu,BIT
02301905,Load Tester,load1905@example.edu,BIT
02301906,Load Tester,load1906@example.edu,BIT
02301907,Load Tester,load1907@example.edu,BIT
02301908,Load Tester,load1908@example.edu,BIT
02301909,Load Tester,load1909@example.edu,BIT
02301910,Load Tester,load1910@example.edu,BIT
02301911,Load Tester,load1911@example.edu,BIT
02301912,Load Tester,load1912@example.edu,BIT
02301913,Load Tester,load1913@example.edu,BIT
02301914,Load Tester,load1914@example.edu,BIT
02301915,Load Tester,load1915@example.edu,BIT
02301916,Load Tester,load1916@example.edu,BIT
02301917,Load Tester,load1917@example.edu,BIT
02301918,Load Tester,load1918@example.edu,BIT
02301919,Load Tester,load1919@example.edu,BIT
02301920,Load Tester,load1920@example.edu,BIT
02301921,Load Tester,load1921@example.edu,BIT
02301922,Load Tester,load1922@example.edu,BIT
02301923,Load Tester,load1923@example.edu,BIT
02301924,Load Tester,load1924@example.edu,BIT
02301925,Load Tester,load1925@example.edu,BIT
02301926,Load Tester,load1926@example.edu,BIT
02301927,Load Tester,load1927@example.edu,BIT
02301928,Load Tester,load1928@example.edu,BIT
02301929,Load Tester,load1929@example.edu,BIT
02301930,Load Tester,load1930@example.edu,BIT
02301931,Load Tester,load1931@example.edu,BIT
02301932,Load Tester,load1932@example.edu,BIT
02301933,Load Tester,load1933@example.edu,BIT
02301934,Load Tester,load1934@example.edu,BIT
02301935,Load Tester,load1935@example.edu,BIT
02301936,Load Tester,load1936@example.edu,BIT
02301937,Load Tester,load1937@example.edu,BIT
02301938,Load Tester,load1938@example.edu,BIT
02301939,Load Tester,load1939@example.edu,BIT
02301940,Load Tester,load1940@example.edu,BIT
02301941,Load Tester,load1941@example.edu,BIT
02301942,Load Tester,load1942@example.edu,BIT
02301943,Load Tester,load1943@example.edu,BIT
02301944,Load Tester,load1944@example.edu,BIT
02301945,Load Tester,load1945@example.edu,BIT
02301946,Load Tester,load1946@example.edu,BIT
02301947,Load Tester,load1947@example.edu,BIT
02301948,Load Tester,load1948@example.edu,BIT
02301949,Load Tester,load1949@example.edu,BIT
02301950,Load Tester,load1950@example.edu,BIT
02301951,Load Tester,load1951@example.edu,BIT
02301952,Load Tester,load1952@example.edu,BIT
02301953,Load Tester,load1953@example.edu,BIT
02301954,Load Tester,load1954@example.edu,BIT
02301955,Load Tester,load1955@example.edu,BIT
02301956,Load Tester,load1956@example.edu,BIT
02301957,Load Tester,load1957@example.edu,BIT
02301958,Load Tester,load1958@example.edu,BIT
02301959,Load Tester,load1959@example.edu,BIT
02301960,Load Tester,load1960@example.edu,BIT
02301961,Load Tester,load1961@example.edu,BIT
02301962,Load Tester,load1962@example.edu,BIT
02301963,Load Tester,load1963@example.edu,BIT
02301964,Load Tester,load1964@example.edu,BIT
02301965,Load Tester,load1965@example.edu,BIT
02301966,Load Tester,load1966@example.edu,BIT
02301967,Load Tester,load1967@example.edu,BIT
02301968,Load Tester,load1968@example.edu,BIT
02301969,Load Tester,load1969@example.edu,BIT
02301970,Load Tester,load1970@example.edu,BIT
02301971,Load Tester,load1971@example.edu,BIT
02301972,Load Tester,load1972@example.edu,BIT
02301973,Load Tester,load1973@example.edu,BIT
02301974,Load Tester,load1974@example.edu,BIT
02301975,Load Tester,load1975@example.edu,BIT
02301976,Load Tester,load1976@example.edu,BIT
02301977,Load Tester,load1977@example.edu,BIT
02301978,Load Tester,load1978@example.edu,BIT
02301979,Load Tester,load1979@example.edu,BIT
02301980,Load Tester,load1980@example.edu,BIT
02301981,Load Tester,load1981@example.edu,BIT
02301982,Load Tester,load1982@example.edu,BIT
02301983,Load Tester,load1983@example.edu,BIT
02301984,Load Tester,load1984@example.edu,BIT
02301985,Load Tester,load1985@example.edu,BIT
02301986,Load Tester,load1986@example.edu,BIT
02301987,Load Tester,load1987@example.edu,BIT
02301988,Load Tester,load1988@example.edu,BIT
02301989,Load Tester,load1989@example.edu,BIT
02301990,Load Tester,load1990@example.edu,BIT
02301991,Load Tester,load1991@example.edu,BIT
02301992,Load Tester,load1992@example.edu,BIT
02301993,Load Tester,load1993@example.edu,BIT
02301994,Load Tester,load1994@example.edu,BIT
02301995,Load Tester,load1995@example.edu,BIT
02301996,Load Tester,load1996@example.edu,BIT
02301997,Load Tester,load1997@example.edu,BIT
02301998,Load Tester,load1998@example.edu,BIT
02301999,Load Tester,load1999@example.edu,BIT
02302000,Load Tester,load2000@example.edu,BIT
02302001,Load Tester,load2001@example.edu,BIT
02302002,Load Tester,load2002@example.edu,BIT
02302003,Load Tester,load2003@example.edu,BIT
02302004,Load Tester,load2004@example.edu,BIT
02302005,Load Tester,load2005@example.edu,BIT
02302006,Load Tester,load2006@example.edu,BIT
02302007,Load Tester,load2007@example.edu,BIT
02302008,Load Tester,load2008@example.edu,BIT
02302009,Load Tester,load2009@example.edu,BIT
02302010,Load Tester,load2010@example.edu,BIT
02302011,Load Tester,load2011@example.edu,BIT
02302012,Load Tester,load2012@example.edu,BIT
02302013,Load Tester,load2013@example.edu,BIT
02302014,Load Tester,load2014@example.edu,BIT
02302015,Load Tester,load2015@example.edu,BIT
02302016,Load Tester,load2016@example.edu,BIT
02302017,Load Tester,load2017@example.edu,BIT
02302018,Load Tester,load2018@example.edu,BIT
02302019,Load Tester,load2019@example.edu,BIT
02302020,Load Tester,load2020@example.edu,BIT
02302021,Load Tester,load2021@example.edu,BIT
02302022,Load Tester,load2022@example.edu,BIT
02302023,Load Tester,load2023@example.edu,BIT
02302024,Load Tester,load2024@example.edu,BIT
02302025,Load Tester,load2025@example.edu,BIT
02302026,Load Tester,load2026@example.edu,BIT
02302027,Load Tester,load2027@example.edu,BIT
02302028,Load Tester,load2028@example.edu,BIT
02302029,Load Tester,load2029@example.edu,BIT
02302030,Load Tester,load2030@example.edu,BIT
02302031,Load Tester,load2031@example.edu,BIT
02302032,Load Tester,load2032@example.edu,BIT
02302033,Load Tester,load2033@example.edu,BIT
02302034,Load Tester,load2034@example.edu,BIT
02302035,Load Tester,load2035@example.edu,BIT
02302036,Load Tester,load2036@example.edu,BIT
02302037,Load Tester,load2037@example.edu,BIT
02302038,Load Tester,load2038@example.edu,BIT
02302039,Load Tester,load2039@example.edu,BIT
02302040,Load Tester,load2040@example.edu,BIT
02302041,Load Tester,load2041@example.edu,BIT
02302042,Load Tester,load2042@example.edu,BIT
02302043,Load Tester,load2043@example.edu,BIT
02302044,Load Tester,load2044@example.edu,BIT
02302045,Load Tester,load2045@example.edu,BIT
02302046,Load Tester,load2046@example.edu,BIT
02302047,Load Tester,load2047@example.edu,BIT
02302048,Load Tester,load2048@example.edu,BIT
02302049,Load Tester,load2049@example.edu,BIT
02302050,Load Tester,load2050@example.edu,BIT
02302051,Load Tester,load2051@example.edu,BIT
02302052,Load Tester,load2052@example.edu,BIT
02302053,Load Tester,load2053@example.edu,BIT
02302054,Load Tester,load2054@example.edu,BIT
02302055,Load Tester,load2055@example.edu,BIT
02302056,Load Tester,load2056@example.edu,BIT
02302057,Load Tester,load2057@example.edu,BIT
02302058,Load Tester,load2058@example.edu,BIT
02302059,Load Tester,load2059@example.edu,BIT
02302060,Load Tester,load2060@example.edu,BIT
02302061,Load Tester,load2061@example.edu,BIT
02302062,Load Tester,load2062@example.edu,BIT
02302063,Load Tester,load2063@example.edu,BIT
02302064,Load Tester,load2064@example.edu,BIT
02302065,Load Tester,load2065@example.edu,BIT
02302066,Load Tester,load2066@example.edu,BIT
02302067,Load Tester,load2067@example.edu,BIT
02302068,Load Tester,load2068@example.edu,BIT
02302069,Load Tester,load2069@example.edu,BIT
02302070,Load Tester,load2070@example.edu,BIT
02302071,Load Tester,load2071@example.edu,BIT
02302072,Load Tester,load2072@example.edu,BIT
02302073,Load Tester,load2073@example.edu,BIT
02302074,Load Tester,load2074@example.edu,BIT
02302075,Load Tester,load2075@example.edu,BIT
02302076,Load Tester,load2076@example.edu,BIT
02302077,Load Tester,load2077@example.edu,BIT
02302078,Load Tester,load2078@example.edu,BIT
02302079,Load Tester,load2079@example.edu,BIT
02302080,Load Tester,load2080@example.edu,BIT
02302081,Load Tester,load2081@example.edu,BIT
02302082,Load Tester,load2082@example.edu,BIT
02302083,Load Tester,load2083@example.edu,BIT
02302084,Load Tester,load2084@example.edu,BIT
02302085,Load Tester,load2085@example.edu,BIT
02302086,Load Tester,load2086@example.edu,BIT
02302087,Load Tester,load2087@example.edu,BIT
02302088,Load Tester,load2088@example.edu,BIT
02302089,Load Tester,load2089@example.edu,BIT
02302090,Load Tester,load2090@example.edu,BIT
02302091,Load Tester,load2091@example.edu,BIT
02302092,Load Tester,load2092@example.edu,BIT
02302093,Load Tester,load2093@example.edu,BIT
02302094,Load Tester,load2094@example.edu,BIT
02302095,Load Tester,load2095@example.edu,BIT
02302096,Load Tester,load2096@example.edu,BIT
02302097,Load Tester,load2097@example.edu,BIT
02302098,Load Tester,load2098@example.edu,BIT
02302099,Load Tester,load2099@example.edu,BIT
02302100,Load Tester,load2100@example.edu,BIT
02302101,Load Tester,load2101@example.edu,BIT
02302102,Load Tester,load2102@example.edu,BIT
02302103,Load Tester,load2103@example.edu,BIT
02302104,Load Tester,load2104@example.edu,BIT
02302105,Load Tester,load2105@example.edu,BIT
02302106,Load Tester,load2106@example.edu,BIT
02302107,Load Tester,load2107@example.edu,BIT
02302108,Load Tester,load2108@example.edu,BIT
02302109,Load Tester,load2109@example.edu,BIT
02302110,Load Tester,load2110@example.edu,BIT
02302111,Load Tester,load2111@example.edu,BIT
02302112,Load Tester,load2112@example.edu,BIT
02302113,Load Tester,load2113@example.edu,BIT
02302114,Load Tester,load2114@example.edu,BIT
02302115,Load Tester,load2115@example.edu,BIT
02302116,Load Tester,load2116@example.edu,BIT
02302117,Load Tester,load2117@example.edu,BIT
02302118,Load Tester,load2118@example.edu,BIT
02302119,Load Tester,load2119@example.edu,BIT
02302120,Load Tester,load2120@example.edu,BIT
02302121,Load Tester,load2121@example.edu,BIT
02302122,Load Tester,load2122@example.edu,BIT
02302123,Load Tester,load2123@example.edu,BIT
02302124,Load Tester,load2124@example.edu,BIT
02302125,Load Tester,load2125@example.edu,BIT
02302126,Load Tester,load2126@example.edu,BIT
02302127,Load Tester,load2127@example.edu,BIT
02302128,Load Tester,load2128@example.edu,BIT
02302129,Load Tester,load2129@example.edu,BIT
02302130,Load Tester,load2130@example.edu,BIT
02302131,Load Tester,load2131@example.edu,BIT
02302132,Load Tester,load2132@example.edu,BIT
02302133,Load Tester,load2133@example.edu,BIT
02302134,Load Tester,load2134@example.edu,BIT
02302135,Load Tester,load2135@example.edu,BIT
02302136,Load Tester,load2136@example.edu,BIT
02302137,Load Tester,load2137@example.edu,BIT
02302138,Load Tester,load2138@example.edu,BIT
02302139,Load Tester,load2139@example.edu,BIT
02302140,Load Tester,load2140@example.edu,BIT
02302141,Load Tester,load2141@example.edu,BIT
02302142,Load Tester,load2142@example.edu,BIT
02302143,Load Tester,load2143@example.edu,BIT
02302144,Load Tester,load2144@example.edu,BIT
02302145,Load Tester,load2145@example.edu,BIT
02302146,Load Tester,load2146@example.edu,BIT
02302147,Load Tester,load2147@example.edu,BIT
02302148,Load Tester,load2148@example.edu,BIT
02302149,Load Tester,load2149@example.edu,BIT
02302150,Load Tester,load2150@example.edu,BIT
02302151,Load Tester,load2151@example.edu,BIT
02302152,Load Tester,load2152@example.edu,BIT
02302153,Load Tester,load2153@example.edu,BIT
02302154,Load Tester,load2154@example.edu,BIT
02302155,Load Tester,load2155@example.edu,BIT
02302156,Load Tester,load2156@example.edu,BIT
02302157,Load Tester,load2157@example.edu,BIT
02302158,Load Tester,load2158@example.edu,BIT
02302159,Load Tester,load2159@example.edu,BIT
02302160,Load Tester,load2160@example.edu,BIT
02302161,Load Tester,load2161@example.edu,BIT
02302162,Load Tester,load2162@example.edu,BIT
02302163,Load Tester,load2163@example.edu,BIT
02302164,Load Tester,load2164@example.edu,BIT
02302165,Load Tester,load2165@example.edu,BIT
02302166,Load Tester,load2166@example.edu,BIT
02302167,Load Tester,load2167@example.edu,BIT
02302168,Load Tester,load2168@example.edu,BIT
02302169,Load Tester,load2169@example.edu,BIT
02302170,Load Tester,load2170@example.edu,BIT
02302171,Load Tester,load2171@example.edu,BIT
02302172,Load Tester,load2172@example.edu,BIT
02302173,Load Tester,load2173@example.edu,BIT
02302174,Load Tester,load2174@example.edu,BIT
02302175,Load Tester,load2175@example.edu,BIT
02302176,Load Tester,load2176@example.edu,BIT
02302177,Load Tester,load2177@example.edu,BIT
02302178,Load Tester,load2178@example.edu,BIT
02302179,Load Tester,load2179@example.edu,BIT
02302180,Load Tester,load2180@example.edu,BIT
02302181,Load Tester,load2181@example.edu,BIT
02302182,Load Tester,load2182@example.edu,BIT
02302183,Load Tester,load2183@example.edu,BIT
02302184,Load Tester,load2184@example.edu,BIT
02302185,Load Tester,load2185@example.edu,BIT
02302186,Load Tester,load2186@example.edu,BIT
02302187,Load Tester,load2187@example.edu,BIT
02302188,Load Tester,load2188@example.edu,BIT
02302189,Load Tester,load2189@example.edu,BIT
02302190,Load Tester,load2190@example.edu,BIT
02302191,Load Tester,load2191@example.edu,BIT
02302192,Load Tester,load2192@example.edu,BIT
02302193,Load Tester,load2193@example.edu,BIT
02302194,Load Tester,load2194@example.edu,BIT
02302195,Load Tester,load2195@example.edu,BIT
02302196,Load Tester,load2196@example.edu,BIT
02302197,Load Tester,load2197@example.edu,BIT
02302198,Load Tester,load2198@example.edu,BIT
02302199,Load Tester,load2199@example.edu,BIT
02302200,Load Tester,load2200@example.edu,BIT
02302201,Load Tester,load2201@example.edu,BIT
02302202,Load Tester,load2202@example.edu,BIT
02302203,Load Tester,load2203@example.edu,BIT
02302204,Load Tester,load2204@example.edu,BIT
02302205,Load Tester,load2205@example.edu,BIT
02302206,Load Tester,load2206@example.edu,BIT
02302207,Load Tester,load2207@example.edu,BIT
02302208,Load Tester,load2208@example.edu,BIT
02302209,Load Tester,load2209@example.edu,BIT
02302210,Load Tester,load2210@example.edu,BIT
02302211,Load Tester,load2211@example.edu,BIT
02302212,Load Tester,load2212@example.edu,BIT
02302213,Load Tester,load2213@example.edu,BIT
02302214,Load Tester,load2214@example.edu,BIT
02302215,Load Tester,load2215@example.edu,BIT
02302216,Load Tester,load2216@example.edu,BIT
02302217,Load Tester,load2217@example.edu,BIT
02302218,Load Tester,load2218@example.edu,BIT
02302219,Load Tester,load2219@example.edu,BIT
02302220,Load Tester,load2220@example.edu,BIT
02302221,Load Tester,load2221@example.edu,BIT
02302222,Load Tester,load2222@example.edu,BIT
02302223,Load Tester,load2223@example.edu,BIT
02302224,Load Tester,load2224@example.edu,BIT
02302225,Load Tester,load2225@example.edu,BIT
02302226,Load Tester,load2226@example.edu,BIT
02302227,Load Tester,load2227@example.edu,BIT
02302228,Load Tester,load2228@example.edu,BIT
02302229,Load Tester,load2229@example.edu,BIT
02302230,Load Tester,load2230@example.edu,BIT
02302231,Load Tester,load2231@example.edu,BIT
02302232,Load Tester,load2232@example.edu,BIT
02302233,Load Tester,load2233@example.edu,BIT
02302234,Load Tester,load2234@example.edu,BIT
02302235,Load Tester,load2235@example.edu,BIT
02302236,Load Tester,load2236@example.edu,BIT
02302237,Load Tester,load2237@example.edu,BIT
02302238,Load Tester,load2238@example.edu,BIT
02302239,Load Tester,load2239@example.edu,BIT
02302240,Load Tester,load2240@example.edu,BIT
02302241,Load Tester,load2241@example.edu,BIT
02302242,Load Tester,load2242@example.edu,BIT
02302243,Load Tester,load2243@example.edu,BIT
02302244,Load Tester,load2244@example.edu,BIT
02302245,Load Tester,load2245@example.edu,BIT
02302246,Load Tester,load2246@example.edu,BIT
02302247,Load Tester,load2247@example.edu,BIT
02302248,Load Tester,load2248@example.edu,BIT
02302249,Load Tester,load2249@example.edu,BIT
02302250,Load Tester,load2250@example.edu,BIT
02302251,Load Tester,load2251@example.edu,BIT
02302252,Load Tester,load2252@example.edu,BIT
02302253,Load Tester,load2253@example.edu,BIT
02302254,Load Tester,load2254@example.edu,BIT
02302255,Load Tester,load2255@example.edu,BIT
02302256,Load Tester,load2256@example.edu,BIT
02302257,Load Tester,load2257@example.edu,BIT
02302258,Load Tester,load2258@example.edu,BIT
02302259,Load Tester,load2259@example.edu,BIT
02302260,Load Tester,load2260@example.edu,BIT
02302261,Load Tester,load2261@example.edu,BIT
02302262,Load Tester,load2262@example.edu,BIT
02302263,Load Tester,load2263@example.edu,BIT
02302264,Load Tester,load2264@example.edu,BIT
02302265,Load Tester,load2265@example.edu,BIT
02302266,Load Tester,load2266@example.edu,BIT
02302267,Load Tester,load2267@example.edu,BIT
02302268,Load Tester,load2268@example.edu,BIT
02302269,Load Tester,load2269@example.edu,BIT
02302270,Load Tester,load2270@example.edu,BIT
02302271,Load Tester,load2271@example.edu,BIT
02302272,Load Tester,load2272@example.edu,BIT
02302273,Load Tester,load2273@example.edu,BIT
02302274,Load Tester,load2274@example.edu,BIT
02302275,Load Tester,load2275@example.edu,BIT
02302276,Load Tester,load2276@example.edu,BIT
02302277,Load Tester,load2277@example.edu,BIT
02302278,Load Tester,load2278@example.edu,BIT
02302279,Load Tester,load2279@example.edu,BIT
02302280,Load Tester,load2280@example.edu,BIT
02302281,Load Tester,load2281@example.edu,BIT
02302282,Load Tester,load2282@example.edu,BIT
02302283,Load Tester,load2283@example.edu,BIT
02302284,Load Tester,load2284@example.edu,BIT
02302285,Load Tester,load2285@example.edu,BIT
02302286,Load Tester,load2286@example.edu,BIT
02302287,Load Tester,load2287@example.edu,BIT
02302288,Load Tester,load2288@example.edu,BIT
02302289,Load Tester,load2289@example.edu,BIT
02302290,Load Tester,load2290@example.edu,BIT
02302291,Load Tester,load2291@example.edu,BIT
02302292,Load Tester,load2292@example.edu,BIT
02302293,Load Tester,load2293@example.edu,BIT
02302294,Load Tester,load2294@example.edu,BIT
02302295,Load Tester,load2295@example.edu,BIT
02302296,Load Tester,load2296@example.edu,BIT
02302297,Load Tester,load2297@example.edu,BIT
02302298,Load Tester,load2298@example.edu,BIT
02302299,Load Tester,load2299@example.edu,BIT
02302300,Load Tester,load2300@example.edu,BIT
02302301,Load Tester,load2301@example.edu,BIT
02302302,Load Tester,load2302@example.edu,BIT
02302303,Load Tester,load2303@example.edu,BIT
02302304,Load Tester,load2304@example.edu,BIT
02302305,Load Tester,load2305@example.edu,BIT
02302306,Load Tester,load2306@example.edu,BIT
02302307,Load Tester,load2307@example.edu,BIT
02302308,Load Tester,load2308@example.edu,BIT
02302309,Load Tester,load2309@example.edu,BIT
02302310,Load Tester,load2310@example.edu,BIT
02302311,Load Tester,load2311@example.edu,BIT
02302312,Load Tester,load2312@example.edu,BIT
02302313,Load Tester,load2313@example.edu,BIT
02302314,Load Tester,load2314@example.edu,BIT
02302315,Load Tester,load2315@example.edu,BIT
02302316,Load Tester,load2316@example.edu,BIT
02302317,Load Tester,load2317@example.edu,BIT
02302318,Load Tester,load2318@example.edu,BIT
02302319,Load Tester,load2319@example.edu,BIT
02302320,Load Tester,load2320@example.edu,BIT
02302321,Load Tester,load2321@example.edu,BIT
02302322,Load Tester,load2322@example.edu,BIT
02302323,Load Tester,load2323@example.edu,BIT
02302324,Load Tester,load2324@example.edu,BIT
02302325,Load Tester,load2325@example.edu,BIT
02302326,Load Tester,load2326@example.edu,BIT
02302327,Load Tester,load2327@example.edu,BIT
02302328,Load Tester,load2328@example.edu,BIT
02302329,Load Tester,load2329@example.edu,BIT
02302330,Load Tester,load2330@example.edu,BIT
02302331,Load Tester,load2331@example.edu,BIT
02302332,Load Tester,load2332@example.edu,BIT
02302333,Load Tester,load2333@example.edu,BIT
02302334,Load Tester,load2334@example.edu,BIT
02302335,Load Tester,load2335@example.edu,BIT
02302336,Load Tester,load2336@example.edu,BIT
02302337,Load Tester,load2337@example.edu,BIT
02302338,Load Tester,load2338@example.edu,BIT
02302339,Load Tester,load2339@example.edu,BIT
02302340,Load Tester,load2340@example.edu,BIT
02302341,Load Tester,load2341@example.edu,BIT
02302342,Load Tester,load2342@example.edu,BIT
02302343,Load Tester,load2343@example.edu,BIT
02302344,Load Tester,load2344@example.edu,BIT
02302345,Load Tester,load2345@example.edu,BIT
02302346,Load Tester,load2346@example.edu,BIT
02302347,Load Tester,load2347@example.edu,BIT
02302348,Load Tester,load2348@example.edu,BIT
02302349,Load Tester,load2349@example.edu,BIT
02302350,Load Tester,load2350@example.edu,BIT
02302351,Load Tester,load2351@example.edu,BIT
02302352,Load Tester,load2352@example.edu,BIT
02302353,Load Tester,load2353@example.edu,BIT
02302354,Load Tester,load2354@example.edu,BIT
02302355,Load Tester,load2355@example.edu,BIT
02302356,Load Tester,load2356@example.edu,BIT
02302357,Load Tester,load2357@example.edu,BIT
02302358,Load Tester,load2358@example.edu,BIT
02302359,Load Tester,load2359@example.edu,BIT
02302360,Load Tester,load2360@example.edu,BIT
02302361,Load Tester,load2361@example.edu,BIT
02302362,Load Tester,load2362@example.edu,BIT
02302363,Load Tester,load2363@example.edu,BIT
02302364,Load Tester,load2364@example.edu,BIT
02302365,Load Tester,load2365@example.edu,BIT
02302366,Load Tester,load2366@example.edu,BIT
02302367,Load Tester,load2367@example.edu,BIT
02302368,Load Tester,load2368@example.edu,BIT
02302369,Load Tester,load2369@example.edu,BIT
02302370,Load Tester,load2370@example.edu,BIT
02302371,Load Tester,load2371@example.edu,BIT
02302372,Load Tester,load2372@example.edu,BIT
02302373,Load Tester,load2373@example.edu,BIT
02302374,Load Tester,load2374@example.edu,BIT
02302375,Load Tester,load2375@example.edu,BIT
02302376,Load Tester,load2376@example.edu,BIT
02302377,Load Tester,load2377@example.edu,BIT
02302378,Load Tester,load2378@example.edu,BIT
02302379,Load Tester,load2379@example.edu,BIT
02302380,Load Tester,load2380@example.edu,BIT
02302381,Load Tester,load2381@example.edu,BIT
02302382,Load Tester,load2382@example.edu,BIT
02302383,Load Tester,load2383@example.edu,BIT
02302384,Load Tester,load2384@example.edu,BIT
02302385,Load Tester,load2385@example.edu,BIT
02302386,Load Tester,load2386@example.edu,BIT
02302387,Load Tester,load2387@example.edu,BIT
02302388,Load Tester,load2388@example.edu,BIT
02302389,Load Tester,load2389@example.edu,BIT
02302390,Load Tester,load2390@example.edu,BIT
02302391,Load Tester,load2391@example.edu,BIT
02302392,Load Tester,load2392@example.edu,BIT
02302393,Load Tester,load2393@example.edu,BIT
02302394,Load Tester,load2394@example.edu,BIT
02302395,Load Tester,load2395@example.edu,BIT
02302396,Load Tester,load2396@example.edu,BIT
02302397,Load Tester,load2397@example.edu,BIT
02302398,Load Tester,load2398@example.edu,BIT
02302399,Load Tester,load2399@example.edu,BIT
02302400,Load Tester,load2400@example.edu,BIT
02302401,Load Tester,load2401@example.edu,BIT
02302402,Load Tester,load2402@example.edu,BIT
02302403,Load Tester,load2403@example.edu,BIT
02302404,Load Tester,load2404@example.edu,BIT
02302405,Load Tester,load2405@example.edu,BIT
02302406,Load Tester,load2406@example.edu,BIT
02302407,Load Tester,load2407@example.edu,BIT
02302408,Load Tester,load2408@example.edu,BIT
02302409,Load Tester,load2409@example.edu,BIT
02302410,Load Tester,load2410@example.edu,BIT
02302411,Load Tester,load2411@example.edu,BIT
02302412,Load Tester,load2412@example.edu,BIT
02302413,Load Tester,load2413@example.edu,BIT
02302414,Load Tester,load2414@example.edu,BIT
02302415,Load Tester,load2415@example.edu,BIT
02302416,Load Tester,load2416@example.edu,BIT
02302417,Load Tester,load2417@example.edu,BIT
02302418,Load Tester,load2418@example.edu,BIT
02302419,Load Tester,load2419@example.edu,BIT
02302420,Load Tester,load2420@example.edu,BIT
02302421,Load Tester,load2421@example.edu,BIT
02302422,Load Tester,load2422@example.edu,BIT
02302423,Load Tester,load2423@example.edu,BIT
02302424,Load Tester,load2424@example.edu,BIT
02302425,Load Tester,load2425@example.edu,BIT
02302426,Load Tester,load2426@example.edu,BIT
02302427,Load Tester,load2427@example.edu,BIT
02302428,Load Tester,load2428@example.edu,BIT
02302429,Load Tester,load2429@example.edu,BIT
02302430,Load Tester,load2430@example.edu,BIT
02302431,Load Tester,load2431@example.edu,BIT
02302432,Load Tester,load2432@example.edu,BIT
02302433,Load Tester,load2433@example.edu,BIT
02302434,Load Tester,load2434@example.edu,BIT
02302435,Load Tester,load2435@example.edu,BIT
02302436,Load Tester,load2436@example.edu,BIT
02302437,Load Tester,load2437@example.edu,BIT
02302438,Load Tester,load2438@example.edu,BIT
02302439,Load Tester,load2439@example.edu,BIT
02302440,Load Tester,load2440@example.edu,BIT
02302441,Load Tester,load2441@example.edu,BIT
02302442,Load Tester,load2442@example.edu,BIT
02302443,Load Tester,load2443@example.edu,BIT
02302444,Load Tester,load2444@example.edu,BIT
02302445,Load Tester,load2445@example.edu,BIT
02302446,Load Tester,load2446@example.edu,BIT
02302447,Load Tester,load2447@example.edu,BIT
02302448,Load Tester,load2448@example.edu,BIT
02302449,Load Tester,load2449@example.edu,BIT
02302450,Load Tester,load2450@example.edu,BIT
02302451,Load Tester,load2451@example.edu,BIT
02302452,Load Tester,load2452@example.edu,BIT
02302453,Load Tester,load2453@example.edu,BIT
02302454,Load Tester,load2454@example.edu,BIT
02302455,Load Tester,load2455@example.edu,BIT
02302456,Load Tester,load2456@example.edu,BIT
02302457,Load Tester,load2457@example.edu,BIT
02302458,Load Tester,load2458@example.edu,BIT
02302459,Load Tester,load2459@example.edu,BIT
02302460,Load Tester,load2460@example.edu,BIT
02302461,Load Tester,load2461@example.edu,BIT
02302462,Load Tester,load2462@example.edu,BIT
02302463,Load Tester,load2463@example.edu,BIT
02302464,Load Tester,load2464@example.edu,BIT
02302465,Load Tester,load2465@example.edu,BIT
02302466,Load Tester,load2466@example.edu,BIT
02302467,Load Tester,load2467@example.edu,BIT
02302468,Load Tester,load2468@example.edu,BIT
02302469,Load Tester,load2469@example.edu,BIT
02302470,Load Tester,load2470@example.edu,BIT
02302471,Load Tester,load2471@example.edu,BIT
02302472,Load Tester,load2472@example.edu,BIT
02302473,Load Tester,load2473@example.edu,BIT
02302474,Load Tester,load2474@example.edu,BIT
02302475,Load Tester,load2475@example.edu,BIT
02302476,Load Tester,load2476@example.edu,BIT
02302477,Load Tester,load2477@example.edu,BIT
02302478,Load Tester,load2478@example.edu,BIT
02302479,Load Tester,load2479@example.edu,BIT
02302480,Load Tester,load2480@example.edu,BIT
02302481,Load Tester,load2481@example.edu,BIT
02302482,Load Tester,load2482@example.edu,BIT
02302483,Load Tester,load2483@example.edu,BIT
02302484,Load Tester,load2484@example.edu,BIT
02302485,Load Tester,load2485@example.edu,BIT
02302486,Load Tester,load2486@example.edu,BIT
02302487,Load Tester,load2487@example.edu,BIT
02302488,Load Tester,load2488@example.edu,BIT
02302489,Load Tester,load2489@example.edu,BIT
02302490,Load Tester,load2490@example.edu,BIT
02302491,Load Tester,load2491@example.edu,BIT
02302492,Load Tester,load2492@example.edu,BIT
02302493,Load Tester,load2493@example.edu,BIT
02302494,Load Tester,load2494@example.edu,BIT
02302495,Load Tester,load2495@example.edu,BIT
02302496,Load Tester,load2496@example.edu,BIT
02302497,Load Tester,load2497@example.edu,BIT
02302498,Load Tester,load2498@example.edu,BIT
02302499,Load Tester,load2499@example.edu,BIT
02302500,Load Tester,load2500@example.edu,BIT
02302501,Load Tester,load2501@example.edu,BIT
02302502,Load Tester,load2502@example.edu,BIT
02302503,Load Tester,load2503@example.edu,BIT
02302504,Load Tester,load2504@example.edu,BIT
02302505,Load Tester,load2505@example.edu,BIT
02302506,Load Tester,load2506@example.edu,BIT
02302507,Load Tester,load2507@example.edu,BIT
02302508,Load Tester,load2508@example.edu,BIT
02302509,Load Tester,load2509@example.edu,BIT
02302510,Load Tester,load2510@example.edu,BIT
02302511,Load Tester,load2511@example.edu,BIT
02302512,Load Tester,load2512@example.edu,BIT
02302513,Load Tester,load2513@example.edu,BIT
02302514,Load Tester,load2514@example.edu,BIT
02302515,Load Tester,load2515@example.edu,BIT
02302516,Load Tester,load2516@example.edu,BIT
02302517,Load Tester,load2517@example.edu,BIT
02302518,Load Tester,load2518@example.edu,BIT
02302519,Load Tester,load2519@example.edu,BIT
02302520,Load Tester,load2520@example.edu,BIT
02302521,Load Tester,load2521@example.edu,BIT
02302522,Load Tester,load2522@example.edu,BIT
02302523,Load Tester,load2523@example.edu,BIT
02302524,Load Tester,load2524@example.edu,BIT
02302525,Load Tester,load2525@example.edu,BIT
02302526,Load Tester,load2526@example.edu,BIT
02302527,Load Tester,load2527@example.edu,BIT
02302528,Load Tester,load2528@example.edu,BIT
02302529,Load Tester,load2529@example.edu,BIT
02302530,Load Tester,load2530@example.edu,BIT
02302531,Load Tester,load2531@example.edu,BIT
02302532,Load Tester,load2532@example.edu,BIT
02302533,Load Tester,load2533@example.edu,BIT
02302534,Load Tester,load2534@example.edu,BIT
02302535,Load Tester,load2535@example.edu,BIT
02302536,Load Tester,load2536@example.edu,BIT
02302537,Load Tester,load2537@example.edu,BIT
02302538,Load Tester,load2538@example.edu,BIT
02302539,Load Tester,load2539@example.edu,BIT
02302540,Load Tester,load2540@example.edu,BIT
02302541,Load Tester,load2541@example.edu,BIT
02302542,Load Tester,load2542@example.edu,BIT
02302543,Load Tester,load2543@example.edu,BIT
02302544,Load Tester,load2544@example.edu,BIT
02302545,Load Tester,load2545@example.edu,BIT
02302546,Load Tester,load2546@example.edu,BIT
02302547,Load Tester,load2547@example.edu,BIT
02302548,Load Tester,load2548@example.edu,BIT
02302549,Load Tester,load2549@example.edu,BIT
02302550,Load Tester,load2550@example.edu,BIT
02302551,Load Tester,load2551@example.edu,BIT
02302552,Load Tester,load2552@example.edu,BIT
02302553,Load Tester,load2553@example.edu,BIT
02302554,Load Tester,load2554@example.edu,BIT
02302555,Load Tester,load2555@example.edu,BIT
02302556,Load Tester,load2556@example.edu,BIT
02302557,Load Tester,load2557@example.edu,BIT
02302558,Load Tester,load2558@example.edu,BIT
02302559,Load Tester,load2559@example.edu,BIT
02302560,Load Tester,load2560@example.edu,BIT
02302561,Load Tester,load2561@example.edu,BIT
02302562,Load Tester,load2562@example.edu,BIT
02302563,Load Tester,load2563@example.edu,BIT
02302564,Load Tester,load2564@example.edu,BIT
02302565,Load Tester,load2565@example.edu,BIT
02302566,Load Tester,load2566@example.edu,BIT
02302567,Load Tester,load2567@example.edu,BIT
02302568,Load Tester,load2568@example.edu,BIT
02302569,Load Tester,load2569@example.edu,BIT
02302570,Load Tester,load2570@example.edu,BIT
02302571,Load Tester,load2571@example.edu,BIT
02302572,Load Tester,load2572@example.edu,BIT
02302573,Load Tester,load2573@example.edu,BIT
02302574,Load Tester,load2574@example.edu,BIT
02302575,Load Tester,load2575@example.edu,BIT
02302576,Load Tester,load2576@example.edu,BIT
02302577,Load Tester,load2577@example.edu,BIT
02302578,Load Tester,load2578@example.edu,BIT
02302579,Load Tester,load2579@example.edu,BIT
02302580,Load Tester,load2580@example.edu,BIT
02302581,Load Tester,load2581@example.edu,BIT
02302582,Load Tester,load2582@example.edu,BIT
02302583,Load Tester,load2583@example.edu,BIT
02302584,Load Tester,load2584@example.edu,BIT
02302585,Load Tester,load2585@example.edu,BIT
02302586,Load Tester,load2586@example.edu,BIT
02302587,Load Tester,load2587@example.edu,BIT
02302588,Load Tester,load2588@example.edu,BIT
02302589,Load Tester,load2589@example.edu,BIT
02302590,Load Tester,load2590@example.edu,BIT
02302591,Load Tester,load2591@example.edu,BIT
02302592,Load Tester,load2592@example.edu,BIT
02302593,Load Tester,load2593@example.edu,BIT
02302594,Load Tester,load2594@example.edu,BIT
02302595,Load Tester,load2595@example.edu,BIT
02302596,Load Tester,load2596@example.edu,BIT
02302597,Load Tester,load2597@example.edu,BIT
02302598,Load Tester,load2598@example.edu,BIT
02302599,Load Tester,load2599@example.edu,BIT
02302600,Load Tester,load2600@example.edu,BIT
02302601,Load Tester,load2601@example.edu,BIT
02302602,Load Tester,load2602@example.edu,BIT
02302603,Load Tester,load2603@example.edu,BIT
02302604,Load Tester,load2604@example.edu,BIT
02302605,Load Tester,load2605@example.edu,BIT
02302606,Load Tester,load2606@example.edu,BIT
02302607,Load Tester,load2607@example.edu,BIT
02302608,Load Tester,load2608@example.edu,BIT
02302609,Load Tester,load2609@example.edu,BIT
02302610,Load Tester,load2610@example.edu,BIT
02302611,Load Tester,load2611@example.edu,BIT
02302612,Load Tester,load2612@example.edu,BIT
02302613,Load Tester,load2613@example.edu,BIT
02302614,Load Tester,load2614@example.edu,BIT
02302615,Load Tester,load2615@example.edu,BIT
02302616,Load Tester,load2616@example.edu,BIT
02302617,Load Tester,load2617@example.edu,BIT
02302618,Load Tester,load2618@example.edu,BIT
02302619,Load Tester,load2619@example.edu,BIT
02302620,Load Tester,load2620@example.edu,BIT
02302621,Load Tester,load2621@example.edu,BIT
02302622,Load Tester,load2622@example.edu,BIT
02302623,Load Tester,load2623@example.edu,BIT
02302624,Load Tester,load2624@example.edu,BIT
02302625,Load Tester,load2625@example.edu,BIT
02302626,Load Tester,load2626@example.edu,BIT
02302627,Load Tester,load2627@example.edu,BIT
02302628,Load Tester,load2628@example.edu,BIT
02302629,Load Tester,load2629@example.edu,BIT
02302630,Load Tester,load2630@example.edu,BIT
02302631,Load Tester,load2631@example.edu,BIT
02302632,Load Tester,load2632@example.edu,BIT
02302633,Load Tester,load2633@example.edu,BIT
02302634,Load Tester,load2634@example.edu,BIT
02302635,Load Tester,load2635@example.edu,BIT
02302636,Load Tester,load2636@example.edu,BIT
02302637,Load Tester,load2637@example.edu,BIT
02302638,Load Tester,load2638@example.edu,BIT
02302639,Load Tester,load2639@example.edu,BIT
02302640,Load Tester,load2640@example.edu,BIT
02302641,Load Tester,load2641@example.edu,BIT
02302642,Load Tester,load2642@example.edu,BIT
02302643,Load Tester,load2643@example.edu,BIT
02302644,Load Tester,load2644@example.edu,BIT
02302645,Load Tester,load2645@example.edu,BIT
02302646,Load Tester,load2646@example.edu,BIT
02302647,Load Tester,load2647@example.edu,BIT
02302648,Load Tester,load2648@example.edu,BIT
02302649,Load Tester,load2649@example.edu,BIT
02302650,Load Tester,load2650@example.edu,BIT
02302651,Load Tester,load2651@example.edu,BIT
02302652,Load Tester,load2652@example.edu,BIT
02302653,Load Tester,load2653@example.edu,BIT
02302654,Load Tester,load2654@example.edu,BIT
02302655,Load Tester,load2655@example.edu,BIT
02302656,Load Tester,load2656@example.edu,BIT
02302657,Load Tester,load2657@example.edu,BIT
02302658,Load Tester,load2658@example.edu,BIT
02302659,Load Tester,load2659@example.edu,BIT
02302660,Load Tester,load2660@example.edu,BIT
02302661,Load Tester,load2661@example.edu,BIT
02302662,Load Tester,load2662@example.edu,BIT
02302663,Load Tester,load2663@example.edu,BIT
02302664,Load Tester,load2664@example.edu,BIT
02302665,Load Tester,load2665@example.edu,BIT
02302666,Load Tester,load2666@example.edu,BIT
02302667,Load Tester,load2667@example.edu,BIT
02302668,Load Tester,load2668@example.edu,BIT
02302669,Load Tester,load2669@example.edu,BIT
02302670,Load Tester,load2670@example.edu,BIT
02302671,Load Tester,load2671@example.edu,BIT
02302672,Load Tester,load2672@example.edu,BIT
02302673,Load Tester,load2673@example.edu,BIT
02302674,Load Tester,load2674@example.edu,BIT
02302675,Load Tester,load2675@example.edu,BIT
02302676,Load Tester,load2676@example.edu,BIT
02302677,Load Tester,load2677@example.edu,BIT
02302678,Load Tester,load2678@example.edu,BIT
02302679,Load Tester,load2679@example.edu,BIT
02302680,Load Tester,load2680@example.edu,BIT
02302681,Load Tester,load2681@example.edu,BIT
02302682,Load Tester,load2682@example.edu,BIT
02302683,Load Tester,load2683@example.edu,BIT
02302684,Load Tester,load2684@example.edu,BIT
02302685,Load Tester,load2685@example.edu,BIT
02302686,Load Tester,load2686@example.edu,BIT
02302687,Load Tester,load2687@example.edu,BIT
02302688,Load Tester,load2688@example.edu,BIT
02302689,Load Tester,load2689@example.edu,BIT
02302690,Load Tester,load2690@example.edu,BIT
02302691,Load Tester,load2691@example.edu,BIT
02302692,Load Tester,load2692@example.edu,BIT
02302693,Load Tester,load2693@example.edu,BIT
02302694,Load Tester,load2694@example.edu,BIT
02302695,Load Tester,load2695@example.edu,BIT
02302696,Load Tester,load2696@example.edu,BIT
02302697,Load Tester,load2697@example.edu,BIT
02302698,Load Tester,load2698@example.edu,BIT
02302699,Load Tester,load2699@example.edu,BIT
02302700,Load Tester,load2700@example.edu,BIT
02302701,Load Tester,load2701@example.edu,BIT
02302702,Load Tester,load2702@example.edu,BIT
02302703,Load Tester,load2703@example.edu,BIT
02302704,Load Tester,load2704@example.edu,BIT
02302705,Load Tester,load2705@example.edu,BIT
02302706,Load Tester,load2706@example.edu,BIT
02302707,Load Tester,load2707@example.edu,BIT
02302708,Load Tester,load2708@example.edu,BIT
02302709,Load Tester,load2709@example.edu,BIT
02302710,Load Tester,load2710@example.edu,BIT
02302711,Load Tester,load2711@example.edu,BIT
02302712,Load Tester,load2712@example.edu,BIT
02302713,Load Tester,load2713@example.edu,BIT
02302714,Load Tester,load2714@example.edu,BIT
02302715,Load Tester,load2715@example.edu,BIT
02302716,Load Tester,load2716@example.edu,BIT
02302717,Load Tester,load2717@example.edu,BIT
02302718,Load Tester,load2718@example.edu,BIT
02302719,Load Tester,load2719@example.edu,BIT
02302720,Load Tester,load2720@example.edu,BIT
02302721,Load Tester,load2721@example.edu,BIT
02302722,Load Tester,load2722@example.edu,BIT
02302723,Load Tester,load2723@example.edu,BIT
02302724,Load Tester,load2724@example.edu,BIT
02302725,Load Tester,load2725@example.edu,BIT
02302726,Load Tester,load2726@example.edu,BIT
02302727,Load Tester,load2727@example.edu,BIT
02302728,Load Tester,load2728@example.edu,BIT
02302729,Load Tester,load2729@example.edu,BIT
02302730,Load Tester,load2730@example.edu,BIT
02302731,Load Tester,load2731@example.edu,BIT
02302732,Load Tester,load2732@example.edu,BIT
02302733,Load Tester,load2733@example.edu,BIT
02302734,Load Tester,load2734@example.edu,BIT
02302735,Load Tester,load2735@example.edu,BIT
02302736,Load Tester,load2736@example.edu,BIT
02302737,Load Tester,load2737@example.edu,BIT
02302738,Load Tester,load2738@example.edu,BIT
02302739,Load Tester,load2739@example.edu,BIT
02302740,Load Tester,load2740@example.edu,BIT
02302741,Load Tester,load2741@example.edu,BIT
02302742,Load Tester,load2742@example.edu,BIT
02302743,Load Tester,load2743@example.edu,BIT
02302744,Load Tester,load2744@example.edu,BIT
02302745,Load Tester,load2745@example.edu,BIT
02302746,Load Tester,load2746@example.edu,BIT
02302747,Load Tester,load2747@example.edu,BIT
02302748,Load Tester,load2748@example.edu,BIT
02302749,Load Tester,load2749@example.edu,BIT
02302750,Load Tester,load2750@example.edu,BIT
02302751,Load Tester,load2751@example.edu,BIT
02302752,Load Tester,load2752@example.edu,BIT
02302753,Load Tester,load2753@example.edu,BIT
02302754,Load Tester,load2754@example.edu,BIT
02302755,Load Tester,load2755@example.edu,BIT
02302756,Load Tester,load2756@example.edu,BIT
02302757,Load Tester,load2757@example.edu,BIT
02302758,Load Tester,load2758@example.edu,BIT
02302759,Load Tester,load2759@example.edu,BIT
02302760,Load Tester,load2760@example.edu,BIT
02302761,Load Tester,load2761@example.edu,BIT
02302762,Load Tester,load2762@example.edu,BIT
02302763,Load Tester,load2763@example.edu,BIT
02302764,Load Tester,load2764@example.edu,BIT
02302765,Load Tester,load2765@example.edu,BIT
02302766,Load Tester,load2766@example.edu,BIT
02302767,Load Tester,load2767@example.edu,BIT
02302768,Load Tester,load2768@example.edu,BIT
02302769,Load Tester,load2769@example.edu,BIT
02302770,Load Tester,load2770@example.edu,BIT
02302771,Load Tester,load2771@example.edu,BIT
02302772,Load Tester,load2772@example.edu,BIT
02302773,Load Tester,load2773@example.edu,BIT
02302774,Load Tester,load2774@example.edu,BIT
02302775,Load Tester,load2775@example.edu,BIT
02302776,Load Tester,load2776@example.edu,BIT
02302777,Load Tester,load2777@example.edu,BIT
02302778,Load Tester,load2778@example.edu,BIT
02302779,Load Tester,load2779@example.edu,BIT
02302780,Load Tester,load2780@example.edu,BIT
02302781,Load Tester,load2781@example.edu,BIT
02302782,Load Tester,load2782@example.edu,BIT
02302783,Load Tester,load2783@example.edu,BIT
02302784,Load Tester,load2784@example.edu,BIT
02302785,Load Tester,load2785@example.edu,BIT
02302786,Load Tester,load2786@example.edu,BIT
02302787,Load Tester,load2787@example.edu,BIT
02302788,Load Tester,load2788@example.edu,BIT
02302789,Load Tester,load2789@example.edu,BIT
02302790,Load Tester,load2790@example.edu,BIT
02302791,Load Tester,load2791@example.edu,BIT
02302792,Load Tester,load2792@example.edu,BIT
02302793,Load Tester,load2793@example.edu,BIT
02302794,Load Tester,load2794@example.edu,BIT
02302795,Load Tester,load2795@example.edu,BIT
02302796,Load Tester,load2796@example.edu,BIT
02302797,Load Tester,load2797@example.edu,BIT
02302798,Load Tester,load2798@example.edu,BIT
02302799,Load Tester,load2799@example.edu,BIT
02302800,Load Tester,load2800@example.edu,BIT
02302801,Load Tester,load2801@example.edu,BIT
02302802,Load Tester,load2802@example.edu,BIT
02302803,Load Tester,load2803@example.edu,BIT
02302804,Load Tester,load2804@example.edu,BIT
02302805,Load Tester,load2805@example.edu,BIT
02302806,Load Tester,load2806@example.edu,BIT
02302807,Load Tester,load2807@example.edu,BIT
02302808,Load Tester,load2808@example.edu,BIT
02302809,Load Tester,load2809@example.edu,BIT
02302810,Load Tester,load2810@example.edu,BIT
02302811,Load Tester,load2811@example.edu,BIT
02302812,Load Tester,load2812@example.edu,BIT
02302813,Load Tester,load2813@example.edu,BIT
02302814,Load Tester,load2814@example.edu,BIT
02302815,Load Tester,load2815@example.edu,BIT
02302816,Load Tester,load2816@example.edu,BIT
02302817,Load Tester,load2817@example.edu,BIT
02302818,Load Tester,load2818@example.edu,BIT
02302819,Load Tester,load2819@example.edu,BIT
02302820,Load Tester,load2820@example.edu,BIT
02302821,Load Tester,load2821@example.edu,BIT
02302822,Load Tester,load2822@example.edu,BIT
02302823,Load Tester,load2823@example.edu,BIT
02302824,Load Tester,load2824@example.edu,BIT
02302825,Load Tester,load2825@example.edu,BIT
02302826,Load Tester,load2826@example.edu,BIT
02302827,Load Tester,load2827@example.edu,BIT
02302828,Load Tester,load2828@example.edu,BIT
02302829,Load Tester,load2829@example.edu,BIT
02302830,Load Tester,load2830@example.edu,BIT
02302831,Load Tester,load2831@example.edu,BIT
02302832,Load Tester,load2832@example.edu,BIT
02302833,Load Tester,load2833@example.edu,BIT
02302834,Load Tester,load2834@example.edu,BIT
02302835,Load Tester,load2835@example.edu,BIT
02302836,Load Tester,load2836@example.edu,BIT
02302837,Load Tester,load2837@example.edu,BIT
02302838,Load Tester,load2838@example.edu,BIT
02302839,Load Tester,load2839@example.edu,BIT
02302840,Load Tester,load2840@example.edu,BIT
02302841,Load Tester,load2841@example.edu,BIT
02302842,Load Tester,load2842@example.edu,BIT
02302843,Load Tester,load2843@example.edu,BIT
02302844,Load Tester,load2844@example.edu,BIT
02302845,Load Tester,load2845@example.edu,BIT
02302846,Load Tester,load2846@example.edu,BIT
02302847,Load Tester,load2847@example.edu,BIT
02302848,Load Tester,load2848@example.edu,BIT
02302849,Load Tester,load2849@example.edu,BIT
02302850,Load Tester,load2850@example.edu,BIT
02302851,Load Tester,load2851@example.edu,BIT
02302852,Load Tester,load2852@example.edu,BIT
02302853,Load Tester,load2853@example.edu,BIT
02302854,Load Tester,load2854@example.edu,BIT
02302855,Load Tester,load2855@example.edu,BIT
02302856,Load Tester,load2856@example.edu,BIT
02302857,Load Tester,load2857@example.edu,BIT
02302858,Load Tester,load2858@example.edu,BIT
02302859,Load Tester,load2859@example.edu,BIT
02302860,Load Tester,load2860@example.edu,BIT
02302861,Load Tester,load2861@example.edu,BIT
02302862,Load Tester,load2862@example.edu,BIT
02302863,Load Tester,load2863@example.edu,BIT
02302864,Load Tester,load2864@example.edu,BIT
02302865,Load Tester,load2865@example.edu,BIT
02302866,Load Tester,load2866@example.edu,BIT
02302867,Load Tester,load2867@example.edu,BIT
02302868,Load Tester,load2868@example.edu,BIT
02302869,Load Tester,load2869@example.edu,BIT
02302870,Load Tester,load2870@example.edu,BIT
02302871,Load Tester,load2871@example.edu,BIT
02302872,Load Tester,load2872@example.edu,BIT
02302873,Load Tester,load2873@example.edu,BIT
02302874,Load Tester,load2874@example.edu,BIT
02302875,Load Tester,load2875@example.edu,BIT
02302876,Load Tester,load2876@example.edu,BIT
02302877,Load Tester,load2877@example.edu,BIT
02302878,Load Tester,load2878@example.edu,BIT
02302879,Load Tester,load2879@example.edu,BIT
02302880,Load Tester,load2880@example.edu,BIT
02302881,Load Tester,load2881@example.edu,BIT
02302882,Load Tester,load2882@example.edu,BIT
02302883,Load Tester,load2883@example.edu,BIT
02302884,Load Tester,load2884@example.edu,BIT
02302885,Load Tester,load2885@example.edu,BIT
02302886,Load Tester,load2886@example.edu,BIT
02302887,Load Tester,load2887@example.edu,BIT
02302888,Load Tester,load2888@example.edu,BIT
02302889,Load Tester,load2889@example.edu,BIT
02302890,Load Tester,load2890@example.edu,BIT
02302891,Load Tester,load2891@example.edu,BIT
02302892,Load Tester,load2892@example.edu,BIT
02302893,Load Tester,load2893@example.edu,BIT
02302894,Load Tester,load2894@example.edu,BIT
02302895,Load Tester,load2895@example.edu,BIT
02302896,Load Tester,load2896@example.edu,BIT
02302897,Load Tester,load2897@example.edu,BIT
02302898,Load Tester,load2898@example.edu,BIT
02302899,Load Tester,load2899@example.edu,BIT
02302900,Load Tester,load2900@example.edu,BIT
02302901,Load Tester,load2901@example.edu,BIT
02302902,Load Tester,load2902@example.edu,BIT
02302903,Load Tester,load2903@example.edu,BIT
02302904,Load Tester,load2904@example.edu,BIT
02302905,Load Tester,load2905@example.edu,BIT
02302906,Load Tester,load2906@example.edu,BIT
02302907,Load Tester,load2907@example.edu,BIT
02302908,Load Tester,load2908@example.edu,BIT
02302909,Load Tester,load2909@example.edu,BIT
02302910,Load Tester,load2910@example.edu,BIT
02302911,Load Tester,load2911@example.edu,BIT
02302912,Load Tester,load2912@example.edu,BIT
02302913,Load Tester,load2913@example.edu,BIT
02302914,Load Tester,load2914@example.edu,BIT
02302915,Load Tester,load2915@example.edu,BIT
02302916,Load Tester,load2916@example.edu,BIT
02302917,Load Tester,load2917@example.edu,BIT
02302918,Load Tester,load2918@example.edu,BIT
02302919,Load Tester,load2919@example.edu,BIT
02302920,Load Tester,load2920@example.edu,BIT
02302921,Load Tester,load2921@example.edu,BIT
02302922,Load Tester,load2922@example.edu,BIT
02302923,Load Tester,load2923@example.edu,BIT
02302924,Load Tester,load2924@example.edu,BIT
02302925,Load Tester,load2925@example.edu,BIT
02302926,Load Tester,load2926@example.edu,BIT
02302927,Load Tester,load2927@example.edu,BIT
02302928,Load Tester,load2928@example.edu,BIT
02302929,Load Tester,load2929@example.edu,BIT
02302930,Load Tester,load2930@example.edu,BIT
02302931,Load Tester,load2931@example.edu,BIT
02302932,Load Tester,load2932@example.edu,BIT
02302933,Load Tester,load2933@example.edu,BIT
02302934,Load Tester,load2934@example.edu,BIT
02302935,Load Tester,load2935@example.edu,BIT
02302936,Load Tester,load2936@example.edu,BIT
02302937,Load Tester,load2937@example.edu,BIT
02302938,Load Tester,load2938@example.edu,BIT
02302939,Load Tester,load2939@example.edu,BIT
02302940,Load Tester,load2940@example.edu,BIT
02302941,Load Tester,load2941@example.edu,BIT
02302942,Load Tester,load2942@example.edu,BIT
02302943,Load Tester,load2943@example.edu,BIT
02302944,Load Tester,load2944@example.edu,BIT
02302945,Load Tester,load2945@example.edu,BIT
02302946,Load Tester,load2946@example.edu,BIT
02302947,Load Tester,load2947@example.edu,BIT
02302948,Load Tester,load2948@example.edu,BIT
02302949,Load Tester,load2949@example.edu,BIT
02302950,Load Tester,load2950@example.edu,BIT
02302951,Load Tester,load2951@example.edu,BIT
02302952,Load Tester,load2952@example.edu,BIT
02302953,Load Tester,load2953@example.edu,BIT
02302954,Load Tester,load2954@example.edu,BIT
02302955,Load Tester,load2955@example.edu,BIT
02302956,Load Tester,load2956@example.edu,BIT
02302957,Load Tester,load2957@example.edu,BIT
02302958,Load Tester,load2958@example.edu,BIT
02302959,Load Tester,load2959@example.edu,BIT
02302960,Load Tester,load2960@example.edu,BIT
02302961,Load Tester,load2961@example.edu,BIT
02302962,Load Tester,load2962@example.edu,BIT
02302963,Load Tester,load2963@example.edu,BIT
02302964,Load Tester,load2964@example.edu,BIT
02302965,Load Tester,load2965@example.edu,BIT
02302966,Load Tester,load2966@example.edu,BIT
02302967,Load Tester,load2967@example.edu,BIT
02302968,Load Tester,load2968@example.edu,BIT
02302969,Load Tester,load2969@example.edu,BIT
02302970,Load Tester,load2970@example.edu,BIT
02302971,Load Tester,load2971@example.edu,BIT
02302972,Load Tester,load2972@example.edu,BIT
02302973,Load Tester,load2973@example.edu,BIT
02302974,Load Tester,load2974@example.edu,BIT
02302975,Load Tester,load2975@example.edu,BIT
02302976,Load Tester,load2976@example.edu,BIT
02302977,Load Tester,load2977@example.edu,BIT
02302978,Load Tester,load2978@example.edu,BIT
02302979,Load Tester,load2979@example.edu,BIT
02302980,Load Tester,load2980@example.edu,BIT
02302981,Load Tester,load2981@example.edu,BIT
02302982,Load Tester,load2982@example.edu,BIT
02302983,Load Tester,load2983@example.edu,BIT
02302984,Load Tester,load2984@example.edu,BIT
02302985,Load Tester,load2985@example.edu,BIT
02302986,Load Tester,load2986@example.edu,BIT
02302987,Load Tester,load2987@example.edu,BIT
02302988,Load Tester,load2988@example.edu,BIT
02302989,Load Tester,load2989@example.edu,BIT
02302990,Load Tester,load2990@example.edu,BIT
02302991,Load Tester,load2991@example.edu,BIT
02302992,Load Tester,load2992@example.edu,BIT
02302993,Load Tester,load2993@example.edu,BIT
02302994,Load Tester,load2994@example.edu,BIT
02302995,Load Tester,load2995@example.edu,BIT
02302996,Load Tester,load2996@example.edu,BIT
02302997,Load Tester,load2997@example.edu,BIT
02302998,Load Tester,load2998@example.edu,BIT
02302999,Load Tester,load2999@example.edu,BIT
02303000,Load Tester,load3000@example.edu,BIT
02303001,Load Tester,load3001@example.edu,BIT
02303002,Load Tester,load3002@example.edu,BIT
02303003,Load Tester,load3003@example.edu,BIT
02303004,Load Tester,load3004@example.edu,BIT
02303005,Load Tester,load3005@example.edu,BIT
02303006,Load Tester,load3006@example.edu,BIT
02303007,Load Tester,load3007@example.edu,BIT
02303008,Load Tester,load3008@example.edu,BIT
02303009,Load Tester,load3009@example.edu,BIT
02303010,Load Tester,load3010@example.edu,BIT
02303011,Load Tester,load3011@example.edu,BIT
02303012,Load Tester,load3012@example.edu,BIT
02303013,Load Tester,load3013@example.edu,BIT
02303014,Load Tester,load3014@example.edu,BIT
02303015,Load Tester,load3015@example.edu,BIT
02303016,Load Tester,load3016@example.edu,BIT
02303017,Load Tester,load3017@example.edu,BIT
02303018,Load Tester,load3018@example.edu,BIT
02303019,Load Tester,load3019@example.edu,BIT
02303020,Load Tester,load3020@example.edu,BIT
02303021,Load Tester,load3021@example.edu,BIT
02303022,Load Tester,load3022@example.edu,BIT
02303023,Load Tester,load3023@example.edu,BIT
02303024,Load Tester,load3024@example.edu,BIT
02303025,Load Tester,load3025@example.edu,BIT
02303026,Load Tester,load3026@example.edu,BIT
02303027,Load Tester,load3027@example.edu,BIT
02303028,Load Tester,load3028@example.edu,BIT
02303029,Load Tester,load3029@example.edu,BIT
02303030,Load Tester,load3030@example.edu,BIT
02303031,Load Tester,load3031@example.edu,BIT
02303032,Load Tester,load3032@example.edu,BIT
02303033,Load Tester,load3033@example.edu,BIT
02303034,Load Tester,load3034@example.edu,BIT
02303035,Load Tester,load3035@example.edu,BIT
02303036,Load Tester,load3036@example.edu,BIT
02303037,Load Tester,load3037@example.edu,BIT
02303038,Load Tester,load3038@example.edu,BIT
02303039,Load Tester,load3039@example.edu,BIT
02303040,Load Tester,load3040@example.edu,BIT
02303041,Load Tester,load3041@example.edu,BIT
02303042,Load Tester,load3042@example.edu,BIT
02303043,Load Tester,load3043@example.edu,BIT
02303044,Load Tester,load3044@example.edu,BIT
02303045,Load Tester,load3045@example.edu,BIT
02303046,Load Tester,load3046@example.edu,BIT
02303047,Load Tester,load3047@example.edu,BIT
02303048,Load Tester,load3048@example.edu,BIT
02303049,Load Tester,load3049@example.edu,BIT
02303050,Load Tester,load3050@example.edu,BIT
02303051,Load Tester,load3051@example.edu,BIT
02303052,Load Tester,load3052@example.edu,BIT
02303053,Load Tester,load3053@example.edu,BIT
02303054,Load Tester,load3054@example.edu,BIT
02303055,Load Tester,load3055@example.edu,BIT
02303056,Load Tester,load3056@example.edu,BIT
02303057,Load Tester,load3057@example.edu,BIT
02303058,Load Tester,load3058@example.edu,BIT
02303059,Load Tester,load3059@example.edu,BIT
02303060,Load Tester,load3060@example.edu,BIT
02303061,Load Tester,load3061@example.edu,BIT
02303062,Load Tester,load3062@example.edu,BIT
02303063,Load Tester,load3063@example.edu,BIT
02303064,Load Tester,load3064@example.edu,BIT
02303065,Load Tester,load3065@example.edu,BIT
02303066,Load Tester,load3066@example.edu,BIT
02303067,Load Tester,load3067@example.edu,BIT
02303068,Load Tester,load3068@example.edu,BIT
02303069,Load Tester,load3069@example.edu,BIT
02303070,Load Tester,load3070@example.edu,BIT
02303071,Load Tester,load3071@example.edu,BIT
02303072,Load Tester,load3072@example.edu,BIT
02303073,Load Tester,load3073@example.edu,BIT
02303074,Load Tester,load3074@example.edu,BIT
02303075,Load Tester,load3075@example.edu,BIT
02303076,Load Tester,load3076@example.edu,BIT
02303077,Load Tester,load3077@example.edu,BIT
02303078,Load Tester,load3078@example.edu,BIT
02303079,Load Tester,load3079@example.edu,BIT
02303080,Load Tester,load3080@example.edu,BIT
02303081,Load Tester,load3081@example.edu,BIT
02303082,Load Tester,load3082@example.edu,BIT
02303083,Load Tester,load3083@example.edu,BIT
02303084,Load Tester,load3084@example.edu,BIT
02303085,Load Tester,load3085@example.edu,BIT
02303086,Load Tester,load3086@example.edu,BIT
02303087,Load Tester,load3087@example.edu,BIT
02303088,Load Tester,load3088@example.edu,BIT
02303089,Load Tester,load3089@example.edu,BIT
02303090,Load Tester,load3090@example.edu,BIT
02303091,Load Tester,load3091@example.edu,BIT
02303092,Load Tester,load3092@example.edu,BIT
02303093,Load Tester,load3093@example.edu,BIT
02303094,Load Tester,load3094@example.edu,BIT
02303095,Load Tester,load3095@example.edu,BIT
02303096,Load Tester,load3096@example.edu,BIT
02303097,Load Tester,load3097@example.edu,BIT
02303098,Load Tester,load3098@example.edu,BIT
02303099,Load Tester,load3099@example.edu,BIT
02303100,Load Tester,load3100@example.edu,BIT
02303101,Load Tester,load3101@example.edu,BIT
02303102,Load Tester,load3102@example.edu,BIT
02303103,Load Tester,load3103@example.edu,BIT
02303104,Load Tester,load3104@example.edu,BIT
02303105,Load Tester,load3105@example.edu,BIT
02303106,Load Tester,load3106@example.edu,BIT
02303107,Load Tester,load3107@example.edu,BIT
02303108,Load Tester,load3108@example.edu,BIT
02303109,Load Tester,load3109@example.edu,BIT
02303110,Load Tester,load3110@example.edu,BIT
02303111,Load Tester,load3111@example.edu,BIT
02303112,Load Tester,load3112@example.edu,BIT
02303113,Load Tester,load3113@example.edu,BIT
02303114,Load Tester,load3114@example.edu,BIT
02303115,Load Tester,load3115@example.edu,BIT
02303116,Load Tester,load3116@example.edu,BIT
02303117,Load Tester,load3117@example.edu,BIT
02303118,Load Tester,load3118@example.edu,BIT
02303119,Load Tester,load3119@example.edu,BIT
02303120,Load Tester,load3120@example.edu,BIT
02303121,Load Tester,load3121@example.edu,BIT
02303122,Load Tester,load3122@example.edu,BIT
02303123,Load Tester,load3123@example.edu,BIT
02303124,Load Tester,load3124@example.edu,BIT
02303125,Load Tester,load3125@example.edu,BIT
02303126,Load Tester,load3126@example.edu,BIT
02303127,Load Tester,load3127@example.edu,BIT
02303128,Load Tester,load3128@example.edu,BIT
02303129,Load Tester,load3129@example.edu,BIT
02303130,Load Tester,load3130@example.edu,BIT
02303131,Load Tester,load3131@example.edu,BIT
02303132,Load Tester,load3132@example.edu,BIT
02303133,Load Tester,load3133@example.edu,BIT
02303134,Load Tester,load3134@example.edu,BIT
02303135,Load Tester,load3135@example.edu,BIT
02303136,Load Tester,load3136@example.edu,BIT
02303137,Load Tester,load3137@example.edu,BIT
02303138,Load Tester,load3138@example.edu,BIT
02303139,Load Tester,load3139@example.edu,BIT
02303140,Load Tester,load3140@example.edu,BIT
02303141,Load Tester,load3141@example.edu,BIT
02303142,Load Tester,load3142@example.edu,BIT
02303143,Load Tester,load3143@example.edu,BIT
02303144,Load Tester,load3144@example.edu,BIT
02303145,Load Tester,load3145@example.edu,BIT
02303146,Load Tester,load3146@example.edu,BIT
02303147,Load Tester,load3147@example.edu,BIT
02303148,Load Tester,load3148@example.edu,BIT
02303149,Load Tester,load3149@example.edu,BIT
02303150,Load Tester,load3150@example.edu,BIT
02303151,Load Tester,load3151@example.edu,BIT
02303152,Load Tester,load3152@example.edu,BIT
02303153,Load Tester,load3153@example.edu,BIT
02303154,Load Tester,load3154@example.edu,BIT
02303155,Load Tester,load3155@example.edu,BIT
02303156,Load Tester,load3156@example.edu,BIT
02303157,Load Tester,load3157@example.edu,BIT
02303158,Load Tester,load3158@example.edu,BIT
02303159,Load Tester,load3159@example.edu,BIT
02303160,Load Tester,load3160@example.edu,BIT
02303161,Load Tester,load3161@example.edu,BIT
02303162,Load Tester,load3162@example.edu,BIT
02303163,Load Tester,load3163@example.edu,BIT
02303164,Load Tester,load3164@example.edu,BIT
02303165,Load Tester,load3165@example.edu,BIT
02303166,Load Tester,load3166@example.edu,BIT
02303167,Load Tester,load3167@example.edu,BIT
02303168,Load Tester,load3168@example.edu,BIT
02303169,Load Tester,load3169@example.edu,BIT
02303170,Load Tester,load3170@example.edu,BIT
02303171,Load Tester,load3171@example.edu,BIT
02303172,Load Tester,load3172@example.edu,BIT
02303173,Load Tester,load3173@example.edu,BIT
02303174,Load Tester,load3174@example.edu,BIT
02303175,Load Tester,load3175@example.edu,BIT
02303176,Load Tester,load3176@example.edu,BIT
02303177,Load Tester,load3177@example.edu,BIT
02303178,Load Tester,load3178@example.edu,BIT
02303179,Load Tester,load3179@example.edu,BIT
02303180,Load Tester,load3180@example.edu,BIT
02303181,Load Tester,load3181@example.edu,BIT
02303182,Load Tester,load3182@example.edu,BIT
02303183,Load Tester,load3183@example.edu,BIT
02303184,Load Tester,load3184@example.edu,BIT
02303185,Load Tester,load3185@example.edu,BIT
02303186,Load Tester,load3186@example.edu,BIT
02303187,Load Tester,load3187@example.edu,BIT
02303188,Load Tester,load3188@example.edu,BIT
02303189,Load Tester,load3189@example.edu,BIT
02303190,Load Tester,load3190@example.edu,BIT
02303191,Load Tester,load3191@example.edu,BIT
02303192,Load Tester,load3192@example.edu,BIT
02303193,Load Tester,load3193@example.edu,BIT
02303194,Load Tester,load3194@example.edu,BIT
02303195,Load Tester,load3195@example.edu,BIT
02303196,Load Tester,load3196@example.edu,BIT
02303197,Load Tester,load3197@example.edu,BIT
02303198,Load Tester,load3198@example.edu,BIT
02303199,Load Tester,load3199@example.edu,BIT
02303200,Load Tester,load3200@example.edu,BIT
02303201,Load Tester,load3201@example.edu,BIT
02303202,Load Tester,load3202@example.edu,BIT
02303203,Load Tester,load3203@example.edu,BIT
02303204,Load Tester,load3204@example.edu,BIT
02303205,Load Tester,load3205@example.edu,BIT
02303206,Load Tester,load3206@example.edu,BIT
02303207,Load Tester,load3207@example.edu,BIT
02303208,Load Tester,load3208@example.edu,BIT
02303209,Load Tester,load3209@example.edu,BIT
02303210,Load Tester,load3210@example.edu,BIT
02303211,Load Tester,load3211@example.edu,BIT
02303212,Load Tester,load3212@example.edu,BIT
02303213,Load Tester,load3213@example.edu,BIT
02303214,Load Tester,load3214@example.edu,BIT
02303215,Load Tester,load3215@example.edu,BIT
02303216,Load Tester,load3216@example.edu,BIT
02303217,Load Tester,load3217@example.edu,BIT
02303218,Load Tester,load3218@example.edu,BIT
02303219,Load Tester,load3219@example.edu,BIT
02303220,Load Tester,load3220@example.edu,BIT
02303221,Load Tester,load3221@example.edu,BIT
02303222,Load Tester,load3222@example.edu,BIT
02303223,Load Tester,load3223@example.edu,BIT
02303224,Load Tester,load3224@example.edu,BIT
02303225,Load Tester,load3225@example.edu,BIT
02303226,Load Tester,load3226@example.edu,BIT
02303227,Load Tester,load3227@example.edu,BIT
02303228,Load Tester,load3228@example.edu,BIT
02303229,Load Tester,load3229@example.edu,BIT
02303230,Load Tester,load3230@example.edu,BIT
02303231,Load Tester,load3231@example.edu,BIT
02303232,Load Tester,load3232@example.edu,BIT
02303233,Load Tester,load3233@example.edu,BIT
02303234,Load Tester,load3234@example.edu,BIT
02303235,Load Tester,load3235@example.edu,BIT
02303236,Load Tester,load3236@example.edu,BIT
02303237,Load Tester,load3237@example.edu,BIT
02303238,Load Tester,load3238@example.edu,BIT
02303239,Load Tester,load3239@example.edu,BIT
02303240,Load Tester,load3240@example.edu,BIT
02303241,Load Tester,load3241@example.edu,BIT
02303242,Load Tester,load3242@example.edu,BIT
02303243,Load Tester,load3243@example.edu,BIT
02303244,Load Tester,load3244@example.edu,BIT
02303245,Load Tester,load3245@example.edu,BIT
02303246,Load Tester,load3246@example.edu,BIT
02303247,Load Tester,load3247@example.edu,BIT
02303248,Load Tester,load3248@example.edu,BIT
02303249,Load Tester,load3249@example.edu,BIT
02303250,Load Tester,load3250@example.edu,BIT
02303251,Load Tester,load3251@example.edu,BIT
02303252,Load Tester,load3252@example.edu,BIT
02303253,Load Tester,load3253@example.edu,BIT
02303254,Load Tester,load3254@example.edu,BIT
02303255,Load Tester,load3255@example.edu,BIT
02303256,Load Tester,load3256@example.edu,BIT
02303257,Load Tester,load3257@example.edu,BIT
02303258,Load Tester,load3258@example.edu,BIT
02303259,Load Tester,load3259@example.edu,BIT
02303260,Load Tester,load3260@example.edu,BIT
02303261,Load Tester,load3261@example.edu,BIT
02303262,Load Tester,load3262@example.edu,BIT
02303263,Load Tester,load3263@example.edu,BIT
02303264,Load Tester,load3264@example.edu,BIT
02303265,Load Tester,load3265@example.edu,BIT
02303266,Load Tester,load3266@example.edu,BIT
02303267,Load Tester,load3267@example.edu,BIT
02303268,Load Tester,load3268@example.edu,BIT
02303269,Load Tester,load3269@example.edu,BIT
02303270,Load Tester,load3270@example.edu,BIT
02303271,Load Tester,load3271@example.edu,BIT
02303272,Load Tester,load3272@example.edu,BIT
02303273,Load Tester,load3273@example.edu,BIT
02303274,Load Tester,load3274@example.edu,BIT
02303275,Load Tester,load3275@example.edu,BIT
02303276,Load Tester,load3276@example.edu,BIT
02303277,Load Tester,load3277@example.edu,BIT
02303278,Load Tester,load3278@example.edu,BIT
02303279,Load Tester,load3279@example.edu,BIT
02303280,Load Tester,load3280@example.edu,BIT
02303281,Load Tester,load3281@example.edu,BIT
02303282,Load Tester,load3282@example.edu,BIT
02303283,Load Tester,load3283@example.edu,BIT
02303284,Load Tester,load3284@example.edu,BIT
02303285,Load Tester,load3285@example.edu,BIT
02303286,Load Tester,load3286@example.edu,BIT
02303287,Load Tester,load3287@example.edu,BIT
02303288,Load Tester,load3288@example.edu,BIT
02303289,Load Tester,load3289@example.edu,BIT
02303290,Load Tester,load3290@example.edu,BIT
02303291,Load Tester,load3291@example.edu,BIT
02303292,Load Tester,load3292@example.edu,BIT
02303293,Load Tester,load3293@example.edu,BIT
02303294,Load Tester,load3294@example.edu,BIT
02303295,Load Tester,load3295@example.edu,BIT
02303296,Load Tester,load3296@example.edu,BIT
02303297,Load Tester,load3297@example.edu,BIT
02303298,Load Tester,load3298@example.edu,BIT
02303299,Load Tester,load3299@example.edu,BIT
02303300,Load Tester,load3300@example.edu,BIT
02303301,Load Tester,load3301@example.edu,BIT
02303302,Load Tester,load3302@example.edu,BIT
02303303,Load Tester,load3303@example.edu,BIT
02303304,Load Tester,load3304@example.edu,BIT
02303305,Load Tester,load3305@example.edu,BIT
02303306,Load Tester,load3306@example.edu,BIT
02303307,Load Tester,load3307@example.edu,BIT
02303308,Load Tester,load3308@example.edu,BIT
02303309,Load Tester,load3309@example.edu,BIT
02303310,Load Tester,load3310@example.edu,BIT
02303311,Load Tester,load3311@example.edu,BIT
02303312,Load Tester,load3312@example.edu,BIT
02303313,Load Tester,load3313@example.edu,BIT
02303314,Load Tester,load3314@example.edu,BIT
02303315,Load Tester,load3315@example.edu,BIT
02303316,Load Tester,load3316@example.edu,BIT
02303317,Load Tester,load3317@example.edu,BIT
02303318,Load Tester,load3318@example.edu,BIT
02303319,Load Tester,load3319@example.edu,BIT
02303320,Load Tester,load3320@example.edu,BIT
02303321,Load Tester,load3321@example.edu,BIT
02303322,Load Tester,load3322@example.edu,BIT
02303323,Load Tester,load3323@example.edu,BIT
02303324,Load Tester,load3324@example.edu,BIT
02303325,Load Tester,load3325@example.edu,BIT
02303326,Load Tester,load3326@example.edu,BIT
02303327,Load Tester,load3327@example.edu,BIT
02303328,Load Tester,load3328@example.edu,BIT
02303329,Load Tester,load3329@example.edu,BIT
02303330,Load Tester,load3330@example.edu,BIT
02303331,Load Tester,load3331@example.edu,BIT
02303332,Load Tester,load3332@example.edu,BIT
02303333,Load Tester,load3333@example.edu,BIT
02303334,Load Tester,load3334@example.edu,BIT
02303335,Load Tester,load3335@example.edu,BIT
02303336,Load Tester,load3336@example.edu,BIT
02303337,Load Tester,load3337@example.edu,BIT
02303338,Load Tester,load3338@example.edu,BIT
02303339,Load Tester,load3339@example.edu,BIT
02303340,Load Tester,load3340@example.edu,BIT
02303341,Load Tester,load3341@example.edu,BIT
02303342,Load Tester,load3342@example.edu,BIT
02303343,Load Tester,load3343@example.edu,BIT
02303344,Load Tester,load3344@example.edu,BIT
02303345,Load Tester,load3345@example.edu,BIT
02303346,Load Tester,load3346@example.edu,BIT
02303347,Load Tester,load3347@example.edu,BIT
02303348,Load Tester,load3348@example.edu,BIT
02303349,Load Tester,load3349@example.edu,BIT
02303350,Load Tester,load3350@example.edu,BIT
02303351,Load Tester,load3351@example.edu,BIT
02303352,Load Tester,load3352@example.edu,BIT
02303353,Load Tester,load3353@example.edu,BIT
02303354,Load Tester,load3354@example.edu,BIT
02303355,Load Tester,load3355@example.edu,BIT
02303356,Load Tester,load3356@example.edu,BIT
02303357,Load Tester,load3357@example.edu,BIT
02303358,Load Tester,load3358@example.edu,BIT
02303359,Load Tester,load3359@example.edu,BIT
02303360,Load Tester,load3360@example.edu,BIT
02303361,Load Tester,load3361@example.edu,BIT
02303362,Load Tester,load3362@example.edu,BIT
02303363,Load Tester,load3363@example.edu,BIT
02303364,Load Tester,load3364@example.edu,BIT
02303365,Load Tester,load3365@example.edu,BIT
02303366,Load Tester,load3366@example.edu,BIT
02303367,Load Tester,load3367@example.edu,BIT
02303368,Load Tester,load3368@example.edu,BIT
02303369,Load Tester,load3369@example.edu,BIT
02303370,Load Tester,load3370@example.edu,BIT
02303371,Load Tester,load3371@example.edu,BIT
02303372,Load Tester,load3372@example.edu,BIT
02303373,Load Tester,load3373@example.edu,BIT
02303374,Load Tester,load3374@example.edu,BIT
02303375,Load Tester,load3375@example.edu,BIT
02303376,Load Tester,load3376@example.edu,BIT
02303377,Load Tester,load3377@example.edu,BIT
02303378,Load Tester,load3378@example.edu,BIT
02303379,Load Tester,load3379@example.edu,BIT
02303380,Load Tester,load3380@example.edu,BIT
02303381,Load Tester,load3381@example.edu,BIT
02303382,Load Tester,load3382@example.edu,BIT
02303383,Load Tester,load3383@example.edu,BIT
02303384,Load Tester,load3384@example.edu,BIT
02303385,Load Tester,load3385@example.edu,BIT
02303386,Load Tester,load3386@example.edu,BIT
02303387,Load Tester,load3387@example.edu,BIT
02303388,Load Tester,load3388@example.edu,BIT
02303389,Load Tester,load3389@example.edu,BIT
02303390,Load Tester,load3390@example.edu,BIT
02303391,Load Tester,load3391@example.edu,BIT
02303392,Load Tester,load3392@example.edu,BIT
02303393,Load Tester,load3393@example.edu,BIT
02303394,Load Tester,load3394@example.edu,BIT
02303395,Load Tester,load3395@example.edu,BIT
02303396,Load Tester,load3396@example.edu,BIT
02303397,Load Tester,load3397@example.edu,BIT
02303398,Load Tester,load3398@example.edu,BIT
02303399,Load Tester,load3399@example.edu,BIT
02303400,Load Tester,load3400@example.edu,BIT
02303401,Load Tester,load3401@example.edu,BIT
02303402,Load Tester,load3402@example.edu,BIT
02303403,Load Tester,load3403@example.edu,BIT
02303404,Load Tester,load3404@example.edu,BIT
02303405,Load Tester,load3405@example.edu,BIT
02303406,Load Tester,load3406@example.edu,BIT
02303407,Load Tester,load3407@example.edu,BIT
02303408,Load Tester,load3408@example.edu,BIT
02303409,Load Tester,load3409@example.edu,BIT
02303410,Load Tester,load3410@example.edu,BIT
02303411,Load Tester,load3411@example.edu,BIT
02303412,Load Tester,load3412@example.edu,BIT
02303413,Load Tester,load3413@example.edu,BIT
02303414,Load Tester,load3414@example.edu,BIT
02303415,Load Tester,load3415@example.edu,BIT
02303416,Load Tester,load3416@example.edu,BIT
02303417,Load Tester,load3417@example.edu,BIT
02303418,Load Tester,load3418@example.edu,BIT
02303419,Load Tester,load3419@example.edu,BIT
02303420,Load Tester,load3420@example.edu,BIT
02303421,Load Tester,load3421@example.edu,BIT
02303422,Load Tester,load3422@example.edu,BIT
02303423,Load Tester,load3423@example.edu,BIT
02303424,Load Tester,load3424@example.edu,BIT
02303425,Load Tester,load3425@example.edu,BIT
02303426,Load Tester,load3426@example.edu,BIT
02303427,Load Tester,load3427@example.edu,BIT
02303428,Load Tester,load3428@example.edu,BIT
02303429,Load Tester,load3429@example.edu,BIT
02303430,Load Tester,load3430@example.edu,BIT
02303431,Load Tester,load3431@example.edu,BIT
02303432,Load Tester,load3432@example.edu,BIT
02303433,Load Tester,load3433@example.edu,BIT
02303434,Load Tester,load3434@example.edu,BIT
02303435,Load Tester,load3435@example.edu,BIT
02303436,Load Tester,load3436@example.edu,BIT
02303437,Load Tester,load3437@example.edu,BIT
02303438,Load Tester,load3438@example.edu,BIT
02303439,Load Tester,load3439@example.edu,BIT
02303440,Load Tester,load3440@example.edu,BIT
02303441,Load Tester,load3441@example.edu,BIT
02303442,Load Tester,load3442@example.edu,BIT
02303443,Load Tester,load3443@example.edu,BIT
02303444,Load Tester,load3444@example.edu,BIT
02303445,Load Tester,load3445@example.edu,BIT
02303446,Load Tester,load3446@example.edu,BIT
02303447,Load Tester,load3447@example.edu,BIT
02303448,Load Tester,load3448@example.edu,BIT
02303449,Load Tester,load3449@example.edu,BIT
02303450,Load Tester,load3450@example.edu,BIT
02303451,Load Tester,load3451@example.edu,BIT
02303452,Load Tester,load3452@example.edu,BIT
02303453,Load Tester,load3453@example.edu,BIT
02303454,Load Tester,load3454@example.edu,BIT
02303455,Load Tester,load3455@example.edu,BIT
02303456,Load Tester,load3456@example.edu,BIT
02303457,Load Tester,load3457@example.edu,BIT
02303458,Load Tester,load3458@example.edu,BIT
02303459,Load Tester,load3459@example.edu,BIT
02303460,Load Tester,load3460@example.edu,BIT
02303461,Load Tester,load3461@example.edu,BIT
02303462,Load Tester,load3462@example.edu,BIT
02303463,Load Tester,load3463@example.edu,BIT
02303464,Load Tester,load3464@example.edu,BIT
02303465,Load Tester,load3465@example.edu,BIT
02303466,Load Tester,load3466@example.edu,BIT
02303467,Load Tester,load3467@example.edu,BIT
02303468,Load Tester,load3468@example.edu,BIT
02303469,Load Tester,load3469@example.edu,BIT
02303470,Load Tester,load3470@example.edu,BIT
02303471,Load Tester,load3471@example.edu,BIT
02303472,Load Tester,load3472@example.edu,BIT
02303473,Load Tester,load3473@example.edu,BIT
02303474,Load Tester,load3474@example.edu,BIT
02303475,Load Tester,load3475@example.edu,BIT
02303476,Load Tester,load3476@example.edu,BIT
02303477,Load Tester,load3477@example.edu,BIT
02303478,Load Tester,load3478@example.edu,BIT
02303479,Load Tester,load3479@example.edu,BIT
02303480,Load Tester,load3480@example.edu,BIT
02303481,Load Tester,load3481@example.edu,BIT
02303482,Load Tester,load3482@example.edu,BIT
02303483,Load Tester,load3483@example.edu,BIT
02303484,Load Tester,load3484@example.edu,BIT
02303485,Load Tester,load3485@example.edu,BIT
02303486,Load Tester,load3486@example.edu,BIT
02303487,Load Tester,load3487@example.edu,BIT
02303488,Load Tester,load3488@example.edu,BIT
02303489,Load Tester,load3489@example.edu,BIT
02303490,Load Tester,load3490@example.edu,BIT
02303491,Load Tester,load3491@example.edu,BIT
02303492,Load Tester,load3492@example.edu,BIT
02303493,Load Tester,load3493@example.edu,BIT
02303494,Load Tester,load3494@example.edu,BIT
02303495,Load Tester,load3495@example.edu,BIT
02303496,Load Tester,load3496@example.edu,BIT
02303497,Load Tester,load3497@example.edu,BIT
02303498,Load Tester,load3498@example.edu,BIT
02303499,Load Tester,load3499@example.edu,BIT
02303500,Load Tester,load3500@example.edu,BIT
02303501,Load Tester,load3501@example.edu,BIT
02303502,Load Tester,load3502@example.edu,BIT
02303503,Load Tester,load3503@example.edu,BIT
02303504,Load Tester,load3504@example.edu,BIT
02303505,Load Tester,load3505@example.edu,BIT
02303506,Load Tester,load3506@example.edu,BIT
02303507,Load Tester,load3507@example.edu,BIT
02303508,Load Tester,load3508@example.edu,BIT
02303509,Load Tester,load3509@example.edu,BIT
02303510,Load Tester,load3510@example.edu,BIT
02303511,Load Tester,load3511@example.edu,BIT
02303512,Load Tester,load3512@example.edu,BIT
02303513,Load Tester,load3513@example.edu,BIT
02303514,Load Tester,load3514@example.edu,BIT
02303515,Load Tester,load3515@example.edu,BIT
02303516,Load Tester,load3516@example.edu,BIT
02303517,Load Tester,load3517@example.edu,BIT
02303518,Load Tester,load3518@example.edu,BIT
02303519,Load Tester,load3519@example.edu,BIT
02303520,Load Tester,load3520@example.edu,BIT
02303521,Load Tester,load3521@example.edu,BIT
02303522,Load Tester,load3522@example.edu,BIT
02303523,Load Tester,load3523@example.edu,BIT
02303524,Load Tester,load3524@example.edu,BIT
02303525,Load Tester,load3525@example.edu,BIT
02303526,Load Tester,load3526@example.edu,BIT
02303527,Load Tester,load3527@example.edu,BIT
02303528,Load Tester,load3528@example.edu,BIT
02303529,Load Tester,load3529@example.edu,BIT
02303530,Load Tester,load3530@example.edu,BIT
02303531,Load Tester,load3531@example.edu,BIT
02303532,Load Tester,load3532@example.edu,BIT
02303533,Load Tester,load3533@example.edu,BIT
02303534,Load Tester,load3534@example.edu,BIT
02303535,Load Tester,load3535@example.edu,BIT
02303536,Load Tester,load3536@example.edu,BIT
02303537,Load Tester,load3537@example.edu,BIT
02303538,Load Tester,load3538@example.edu,BIT
02303539,Load Tester,load3539@example.edu,BIT
02303540,Load Tester,load3540@example.edu,BIT
02303541,Load Tester,load3541@example.edu,BIT
02303542,Load Tester,load3542@example.edu,BIT
02303543,Load Tester,load3543@example.edu,BIT
02303544,Load Tester,load3544@example.edu,BIT
02303545,Load Tester,load3545@example.edu,BIT
02303546,Load Tester,load3546@example.edu,BIT
02303547,Load Tester,load3547@example.edu,BIT
02303548,Load Tester,load3548@example.edu,BIT
02303549,Load Tester,load3549@example.edu,BIT
02303550,Load Tester,load3550@example.edu,BIT
02303551,Load Tester,load3551@example.edu,BIT
02303552,Load Tester,load3552@example.edu,BIT
02303553,Load Tester,load3553@example.edu,BIT
02303554,Load Tester,load3554@example.edu,BIT
02303555,Load Tester,load3555@example.edu,BIT
02303556,Load Tester,load3556@example.edu,BIT
02303557,Load Tester,load3557@example.edu,BIT
02303558,Load Tester,load3558@example.edu,BIT
02303559,Load Tester,load3559@example.edu,BIT
02303560,Load Tester,load3560@example.edu,BIT
02303561,Load Tester,load3561@example.edu,BIT
02303562,Load Tester,load3562@example.edu,BIT
02303563,Load Tester,load3563@example.edu,BIT
02303564,Load Tester,load3564@example.edu,BIT
02303565,Load Tester,load3565@example.edu,BIT
02303566,Load Tester,load3566@example.edu,BIT
02303567,Load Tester,load3567@example.edu,BIT
02303568,Load Tester,load3568@example.edu,BIT
02303569,Load Tester,load3569@example.edu,BIT
02303570,Load Tester,load3570@example.edu,BIT
02303571,Load Tester,load3571@example.edu,BIT
02303572,Load Tester,load3572@example.edu,BIT
02303573,Load Tester,load3573@example.edu,BIT
02303574,Load Tester,load3574@example.edu,BIT
02303575,Load Tester,load3575@example.edu,BIT
02303576,Load Tester,load3576@example.edu,BIT
02303577,Load Tester,load3577@example.edu,BIT
02303578,Load Tester,load3578@example.edu,BIT
02303579,Load Tester,load3579@example.edu,BIT
02303580,Load Tester,load3580@example.edu,BIT
02303581,Load Tester,load3581@example.edu,BIT
02303582,Load Tester,load3582@example.edu,BIT
02303583,Load Tester,load3583@example.edu,BIT
02303584,Load Tester,load3584@example.edu,BIT
02303585,Load Tester,load3585@example.edu,BIT
02303586,Load Tester,load3586@example.edu,BIT
02303587,Load Tester,load3587@example.edu,BIT
02303588,Load Tester,load3588@example.edu,BIT
02303589,Load Tester,load3589@example.edu,BIT
02303590,Load Tester,load3590@example.edu,BIT
02303591,Load Tester,load3591@example.edu,BIT
02303592,Load Tester,load3592@example.edu,BIT
02303593,Load Tester,load3593@example.edu,BIT
02303594,Load Tester,load3594@example.edu,BIT
02303595,Load Tester,load3595@example.edu,BIT
02303596,Load Tester,load3596@example.edu,BIT
02303597,Load Tester,load3597@example.edu,BIT
02303598,Load Tester,load3598@example.edu,BIT
02303599,Load Tester,load3599@example.edu,BIT
02303600,Load Tester,load3600@example.edu,BIT
02303601,Load Tester,load3601@example.edu,BIT
02303602,Load Tester,load3602@example.edu,BIT
02303603,Load Tester,load3603@example.edu,BIT
02303604,Load Tester,load3604@example.edu,BIT
02303605,Load Tester,load3605@example.edu,BIT
02303606,Load Tester,load3606@example.edu,BIT
02303607,Load Tester,load3607@example.edu,BIT
02303608,Load Tester,load3608@example.edu,BIT
02303609,Load Tester,load3609@example.edu,BIT
02303610,Load Tester,load3610@example.edu,BIT
02303611,Load Tester,load3611@example.edu,BIT
02303612,Load Tester,load3612@example.edu,BIT
02303613,Load Tester,load3613@example.edu,BIT
02303614,Load Tester,load3614@example.edu,BIT
02303615,Load Tester,load3615@example.edu,BIT
02303616,Load Tester,load3616@example.edu,BIT
02303617,Load Tester,load3617@example.edu,BIT
02303618,Load Tester,load3618@example.edu,BIT
02303619,Load Tester,load3619@example.edu,BIT
02303620,Load Tester,load3620@example.edu,BIT
02303621,Load Tester,load3621@example.edu,BIT
02303622,Load Tester,load3622@example.edu,BIT
02303623,Load Tester,load3623@example.edu,BIT
02303624,Load Tester,load3624@example.edu,BIT
02303625,Load Tester,load3625@example.edu,BIT
02303626,Load Tester,load3626@example.edu,BIT
02303627,Load Tester,load3627@example.edu,BIT
02303628,Load Tester,load3628@example.edu,BIT
02303629,Load Tester,load3629@example.edu,BIT
02303630,Load Tester,load3630@example.edu,BIT
02303631,Load Tester,load3631@example.edu,BIT
02303632,Load Tester,load3632@example.edu,BIT
02303633,Load Tester,load3633@example.edu,BIT
02303634,Load Tester,load3634@example.edu,BIT
02303635,Load Tester,load3635@example.edu,BIT
02303636,Load Tester,load3636@example.edu,BIT
02303637,Load Tester,load3637@example.edu,BIT
02303638,Load Tester,load3638@example.edu,BIT
02303639,Load Tester,load3639@example.edu,BIT
02303640,Load Tester,load3640@example.edu,BIT
02303641,Load Tester,load3641@example.edu,BIT
02303642,Load Tester,load3642@example.edu,BIT
02303643,Load Tester,load3643@example.edu,BIT
02303644,Load Tester,load3644@example.edu,BIT
02303645,Load Tester,load3645@example.edu,BIT
02303646,Load Tester,load3646@example.edu,BIT
02303647,Load Tester,load3647@example.edu,BIT
02303648,Load Tester,load3648@example.edu,BIT
02303649,Load Tester,load3649@example.edu,BIT
02303650,Load Tester,load3650@example.edu,BIT
02303651,Load Tester,load3651@example.edu,BIT
02303652,Load Tester,load3652@example.edu,BIT
02303653,Load Tester,load3653@example.edu,BIT
02303654,Load Tester,load3654@example.edu,BIT
02303655,Load Tester,load3655@example.edu,BIT
02303656,Load Tester,load3656@example.edu,BIT
02303657,Load Tester,load3657@example.edu,BIT
02303658,Load Tester,load3658@example.edu,BIT
02303659,Load Tester,load3659@example.edu,BIT
02303660,Load Tester,load3660@example.edu,BIT
02303661,Load Tester,load3661@example.edu,BIT
02303662,Load Tester,load3662@example.edu,BIT
02303663,Load Tester,load3663@example.edu,BIT
02303664,Load Tester,load3664@example.edu,BIT
02303665,Load Tester,load3665@example.edu,BIT
02303666,Load Tester,load3666@example.edu,BIT
02303667,Load Tester,load3667@example.edu,BIT
02303668,Load Tester,load3668@example.edu,BIT
02303669,Load Tester,load3669@example.edu,BIT
02303670,Load Tester,load3670@example.edu,BIT
02303671,Load Tester,load3671@example.edu,BIT
02303672,Load Tester,load3672@example.edu,BIT
02303673,Load Tester,load3673@example.edu,BIT
02303674,Load Tester,load3674@example.edu,BIT
02303675,Load Tester,load3675@example.edu,BIT
02303676,Load Tester,load3676@example.edu,BIT
02303677,Load Tester,load3677@example.edu,BIT
02303678,Load Tester,load3678@example.edu,BIT
02303679,Load Tester,load3679@example.edu,BIT
02303680,Load Tester,load3680@example.edu,BIT
02303681,Load Tester,load3681@example.edu,BIT
02303682,Load Tester,load3682@example.edu,BIT
02303683,Load Tester,load3683@example.edu,BIT
02303684,Load Tester,load3684@example.edu,BIT
02303685,Load Tester,load3685@example.edu,BIT
02303686,Load Tester,load3686@example.edu,BIT
02303687,Load Tester,load3687@example.edu,BIT
02303688,Load Tester,load3688@example.edu,BIT
02303689,Load Tester,load3689@example.edu,BIT
02303690,Load Tester,load3690@example.edu,BIT
02303691,Load Tester,load3691@example.edu,BIT
02303692,Load Tester,load3692@example.edu,BIT
02303693,Load Tester,load3693@example.edu,BIT
02303694,Load Tester,load3694@example.edu,BIT
02303695,Load Tester,load3695@example.edu,BIT
02303696,Load Tester,load3696@example.edu,BIT
02303697,Load Tester,load3697@example.edu,BIT
02303698,Load Tester,load3698@example.edu,BIT
02303699,Load Tester,load3699@example.edu,BIT
02303700,Load Tester,load3700@example.edu,BIT
02303701,Load Tester,load3701@example.edu,BIT
02303702,Load Tester,load3702@example.edu,BIT
02303703,Load Tester,load3703@example.edu,BIT
02303704,Load Tester,load3704@example.edu,BIT
02303705,Load Tester,load3705@example.edu,BIT
02303706,Load Tester,load3706@example.edu,BIT
02303707,Load Tester,load3707@example.edu,BIT
02303708,Load Tester,load3708@example.edu,BIT
02303709,Load Tester,load3709@example.edu,BIT
02303710,Load Tester,load3710@example.edu,BIT
02303711,Load Tester,load3711@example.edu,BIT
02303712,Load Tester,load3712@example.edu,BIT
02303713,Load Tester,load3713@example.edu,BIT
02303714,Load Tester,load3714@example.edu,BIT
02303715,Load Tester,load3715@example.edu,BIT
02303716,Load Tester,load3716@example.edu,BIT
02303717,Load Tester,load3717@example.edu,BIT
02303718,Load Tester,load3718@example.edu,BIT
02303719,Load Tester,load3719@example.edu,BIT
02303720,Load Tester,load3720@example.edu,BIT
02303721,Load Tester,load3721@example.edu,BIT
02303722,Load Tester,load3722@example.edu,BIT
02303723,Load Tester,load3723@example.edu,BIT
02303724,Load Tester,load3724@example.edu,BIT
02303725,Load Tester,load3725@example.edu,BIT
02303726,Load Tester,load3726@example.edu,BIT
02303727,Load Tester,load3727@example.edu,BIT
02303728,Load Tester,load3728@example.edu,BIT
02303729,Load Tester,load3729@example.edu,BIT
02303730,Load Tester,load3730@example.edu,BIT
02303731,Load Tester,load3731@example.edu,BIT
02303732,Load Tester,load3732@example.edu,BIT
02303733,Load Tester,load3733@example.edu,BIT
02303734,Load Tester,load3734@example.edu,BIT
02303735,Load Tester,load3735@example.edu,BIT
02303736,Load Tester,load3736@example.edu,BIT
02303737,Load Tester,load3737@example.edu,BIT
02303738,Load Tester,load3738@example.edu,BIT
02303739,Load Tester,load3739@example.edu,BIT
02303740,Load Tester,load3740@example.edu,BIT
02303741,Load Tester,load3741@example.edu,BIT
02303742,Load Tester,load3742@example.edu,BIT
02303743,Load Tester,load3743@example.edu,BIT
02303744,Load Tester,load3744@example.edu,BIT
02303745,Load Tester,load3745@example.edu,BIT
02303746,Load Tester,load3746@example.edu,BIT
02303747,Load Tester,load3747@example.edu,BIT
02303748,Load Tester,load3748@example.edu,BIT
02303749,Load Tester,load3749@example.edu,BIT
02303750,Load Tester,load3750@example.edu,BIT
02303751,Load Tester,load3751@example.edu,BIT
02303752,Load Tester,load3752@example.edu,BIT
02303753,Load Tester,load3753@example.edu,BIT
02303754,Load Tester,load3754@example.edu,BIT
02303755,Load Tester,load3755@example.edu,BIT
02303756,Load Tester,load3756@example.edu,BIT
02303757,Load Tester,load3757@example.edu,BIT
02303758,Load Tester,load3758@example.edu,BIT
02303759,Load Tester,load3759@example.edu,BIT
02303760,Load Tester,load3760@example.edu,BIT
02303761,Load Tester,load3761@example.edu,BIT
02303762,Load Tester,load3762@example.edu,BIT
02303763,Load Tester,load3763@example.edu,BIT
02303764,Load Tester,load3764@example.edu,BIT
02303765,Load Tester,load3765@example.edu,BIT
02303766,Load Tester,load3766@example.edu,BIT
02303767,Load Tester,load3767@example.edu,BIT
02303768,Load Tester,load3768@example.edu,BIT
02303769,Load Tester,load3769@example.edu,BIT
02303770,Load Tester,load3770@example.edu,BIT
02303771,Load Tester,load3771@example.edu,BIT
02303772,Load Tester,load3772@example.edu,BIT
02303773,Load Tester,load3773@example.edu,BIT
02303774,Load Tester,load3774@example.edu,BIT
02303775,Load Tester,load3775@example.edu,BIT
02303776,Load Tester,load3776@example.edu,BIT
02303777,Load Tester,load3777@example.edu,BIT
02303778,Load Tester,load3778@example.edu,BIT
02303779,Load Tester,load3779@example.edu,BIT
02303780,Load Tester,load3780@example.edu,BIT
02303781,Load Tester,load3781@example.edu,BIT
02303782,Load Tester,load3782@example.edu,BIT
02303783,Load Tester,load3783@example.edu,BIT
02303784,Load Tester,load3784@example.edu,BIT
02303785,Load Tester,load3785@example.edu,BIT
02303786,Load Tester,load3786@example.edu,BIT
02303787,Load Tester,load3787@example.edu,BIT
02303788,Load Tester,load3788@example.edu,BIT
02303789,Load Tester,load3789@example.edu,BIT
02303790,Load Tester,load3790@example.edu,BIT
02303791,Load Tester,load3791@example.edu,BIT
02303792,Load Tester,load3792@example.edu,BIT
02303793,Load Tester,load3793@example.edu,BIT
02303794,Load Tester,load3794@example.edu,BIT
02303795,Load Tester,load3795@example.edu,BIT
02303796,Load Tester,load3796@example.edu,BIT
02303797,Load Tester,load3797@example.edu,BIT
02303798,Load Tester,load3798@example.edu,BIT
02303799,Load Tester,load3799@example.edu,BIT
02303800,Load Tester,load3800@example.edu,BIT
02303801,Load Tester,load3801@example.edu,BIT
02303802,Load Tester,load3802@example.edu,BIT
02303803,Load Tester,load3803@example.edu,BIT
02303804,Load Tester,load3804@example.edu,BIT
02303805,Load Tester,load3805@example.edu,BIT
02303806,Load Tester,load3806@example.edu,BIT
02303807,Load Tester,load3807@example.edu,BIT
02303808,Load Tester,load3808@example.edu,BIT
02303809,Load Tester,load3809@example.edu,BIT
02303810,Load Tester,load3810@example.edu,BIT
02303811,Load Tester,load3811@example.edu,BIT
02303812,Load Tester,load3812@example.edu,BIT
02303813,Load Tester,load3813@example.edu,BIT
02303814,Load Tester,load3814@example.edu,BIT
02303815,Load Tester,load3815@example.edu,BIT
02303816,Load Tester,load3816@example.edu,BIT
02303817,Load Tester,load3817@example.edu,BIT
02303818,Load Tester,load3818@example.edu,BIT
02303819,Load Tester,load3819@example.edu,BIT
02303820,Load Tester,load3820@example.edu,BIT
02303821,Load Tester,load3821@example.edu,BIT
02303822,Load Tester,load3822@example.edu,BIT
02303823,Load Tester,load3823@example.edu,BIT
02303824,Load Tester,load3824@example.edu,BIT
02303825,Load Tester,load3825@example.edu,BIT
02303826,Load Tester,load3826@example.edu,BIT
02303827,Load Tester,load3827@example.edu,BIT
02303828,Load Tester,load3828@example.edu,BIT
02303829,Load Tester,load3829@example.edu,BIT
02303830,Load Tester,load3830@example.edu,BIT
02303831,Load Tester,load3831@example.edu,BIT
02303832,Load Tester,load3832@example.edu,BIT
02303833,Load Tester,load3833@example.edu,BIT
02303834,Load Tester,load3834@example.edu,BIT
02303835,Load Tester,load3835@example.edu,BIT
02303836,Load Tester,load3836@example.edu,BIT
02303837,Load Tester,load3837@example.edu,BIT
02303838,Load Tester,load3838@example.edu,BIT
02303839,Load Tester,load3839@example.edu,BIT
02303840,Load Tester,load3840@example.edu,BIT
02303841,Load Tester,load3841@example.edu,BIT
02303842,Load Tester,load3842@example.edu,BIT
02303843,Load Tester,load3843@example.edu,BIT
02303844,Load Tester,load3844@example.edu,BIT
02303845,Load Tester,load3845@example.edu,BIT
02303846,Load Tester,load3846@example.edu,BIT
02303847,Load Tester,load3847@example.edu,BIT
02303848,Load Tester,load3848@example.edu,BIT
02303849,Load Tester,load3849@example.edu,BIT
02303850,Load Tester,load3850@example.edu,BIT
02303851,Load Tester,load3851@example.edu,BIT
02303852,Load Tester,load3852@example.edu,BIT
02303853,Load Tester,load3853@example.edu,BIT
02303854,Load Tester,load3854@example.edu,BIT
02303855,Load Tester,load3855@example.edu,BIT
02303856,Load Tester,load3856@example.edu,BIT
02303857,Load Tester,load3857@example.edu,BIT
02303858,Load Tester,load3858@example.edu,BIT
02303859,Load Tester,load3859@example.edu,BIT
02303860,Load Tester,load3860@example.edu,BIT
02303861,Load Tester,load3861@example.edu,BIT
02303862,Load Tester,load3862@example.edu,BIT
02303863,Load Tester,load3863@example.edu,BIT
02303864,Load Tester,load3864@example.edu,BIT
02303865,Load Tester,load3865@example.edu,BIT
02303866,Load Tester,load3866@example.edu,BIT
02303867,Load Tester,load3867@example.edu,BIT
02303868,Load Tester,load3868@example.edu,BIT
02303869,Load Tester,load3869@example.edu,BIT
02303870,Load Tester,load3870@example.edu,BIT
02303871,Load Tester,load3871@example.edu,BIT
02303872,Load Tester,load3872@example.edu,BIT
02303873,Load Tester,load3873@example.edu,BIT
02303874,Load Tester,load3874@example.edu,BIT
02303875,Load Tester,load3875@example.edu,BIT
02303876,Load Tester,load3876@example.edu,BIT
02303877,Load Tester,load3877@example.edu,BIT
02303878,Load Tester,load3878@example.edu,BIT
02303879,Load Tester,load3879@example.edu,BIT
02303880,Load Tester,load3880@example.edu,BIT
02303881,Load Tester,load3881@example.edu,BIT
02303882,Load Tester,load3882@example.edu,BIT
02303883,Load Tester,load3883@example.edu,BIT
02303884,Load Tester,load3884@example.edu,BIT
02303885,Load Tester,load3885@example.edu,BIT
02303886,Load Tester,load3886@example.edu,BIT
02303887,Load Tester,load3887@example.edu,BIT
02303888,Load Tester,load3888@example.edu,BIT
02303889,Load Tester,load3889@example.edu,BIT
02303890,Load Tester,load3890@example.edu,BIT
02303891,Load Tester,load3891@example.edu,BIT
02303892,Load Tester,load3892@example.edu,BIT
02303893,Load Tester,load3893@example.edu,BIT
02303894,Load Tester,load3894@example.edu,BIT
02303895,Load Tester,load3895@example.edu,BIT
02303896,Load Tester,load3896@example.edu,BIT
02303897,Load Tester,load3897@example.edu,BIT
02303898,Load Tester,load3898@example.edu,BIT
02303899,Load Tester,load3899@example.edu,BIT
02303900,Load Tester,load3900@example.edu,BIT
02303901,Load Tester,load3901@example.edu,BIT
02303902,Load Tester,load3902@example.edu,BIT
02303903,Load Tester,load3903@example.edu,BIT
02303904,Load Tester,load3904@example.edu,BIT
02303905,Load Tester,load3905@example.edu,BIT
02303906,Load Tester,load3906@example.edu,BIT
02303907,Load Tester,load3907@example.edu,BIT
02303908,Load Tester,load3908@example.edu,BIT
02303909,Load Tester,load3909@example.edu,BIT
02303910,Load Tester,load3910@example.edu,BIT
02303911,Load Tester,load3911@example.edu,BIT
02303912,Load Tester,load3912@example.edu,BIT
02303913,Load Tester,load3913@example.edu,BIT
02303914,Load Tester,load3914@example.edu,BIT
02303915,Load Tester,load3915@example.edu,BIT
02303916,Load Tester,load3916@example.edu,BIT
02303917,Load Tester,load3917@example.edu,BIT
02303918,Load Tester,load3918@example.edu,BIT
02303919,Load Tester,load3919@example.edu,BIT
02303920,Load Tester,load3920@example.edu,BIT
02303921,Load Tester,load3921@example.edu,BIT
02303922,Load Tester,load3922@example.edu,BIT
02303923,Load Tester,load3923@example.edu,BIT
02303924,Load Tester,load3924@example.edu,BIT
02303925,Load Tester,load3925@example.edu,BIT
02303926,Load Tester,load3926@example.edu,BIT
02303927,Load Tester,load3927@example.edu,BIT
02303928,Load Tester,load3928@example.edu,BIT
02303929,Load Tester,load3929@example.edu,BIT
02303930,Load Tester,load3930@example.edu,BIT
02303931,Load Tester,load3931@example.edu,BIT
02303932,Load Tester,load3932@example.edu,BIT
02303933,Load Tester,load3933@example.edu,BIT
02303934,Load Tester,load3934@example.edu,BIT
02303935,Load Tester,load3935@example.edu,BIT
02303936,Load Tester,load3936@example.edu,BIT
02303937,Load Tester,load3937@example.edu,BIT
02303938,Load Tester,load3938@example.edu,BIT
02303939,Load Tester,load3939@example.edu,BIT
02303940,Load Tester,load3940@example.edu,BIT
02303941,Load Tester,load3941@example.edu,BIT
02303942,Load Tester,load3942@example.edu,BIT
02303943,Load Tester,load3943@example.edu,BIT
02303944,Load Tester,load3944@example.edu,BIT
02303945,Load Tester,load3945@example.edu,BIT
02303946,Load Tester,load3946@example.edu,BIT
02303947,Load Tester,load3947@example.edu,BIT
02303948,Load Tester,load3948@example.edu,BIT
02303949,Load Tester,load3949@example.edu,BIT
02303950,Load Tester,load3950@example.edu,BIT
02303951,Load Tester,load3951@example.edu,BIT
02303952,Load Tester,load3952@example.edu,BIT
02303953,Load Tester,load3953@example.edu,BIT
02303954,Load Tester,load3954@example.edu,BIT
02303955,Load Tester,load3955@example.edu,BIT
02303956,Load Tester,load3956@example.edu,BIT
02303957,Load Tester,load3957@example.edu,BIT
02303958,Load Tester,load3958@example.edu,BIT
02303959,Load Tester,load3959@example.edu,BIT
02303960,Load Tester,load3960@example.edu,BIT
02303961,Load Tester,load3961@example.edu,BIT
02303962,Load Tester,load3962@example.edu,BIT
02303963,Load Tester,load3963@example.edu,BIT
02303964,Load Tester,load3964@example.edu,BIT
02303965,Load Tester,load3965@example.edu,BIT
02303966,Load Tester,load3966@example.edu,BIT
02303967,Load Tester,load3967@example.edu,BIT
02303968,Load Tester,load3968@example.edu,BIT
02303969,Load Tester,load3969@example.edu,BIT
02303970,Load Tester,load3970@example.edu,BIT
02303971,Load Tester,load3971@example.edu,BIT
02303972,Load Tester,load3972@example.edu,BIT
02303973,Load Tester,load3973@example.edu,BIT
02303974,Load Tester,load3974@example.edu,BIT
02303975,Load Tester,load3975@example.edu,BIT
02303976,Load Tester,load3976@example.edu,BIT
02303977,Load Tester,load3977@example.edu,BIT
02303978,Load Tester,load3978@example.edu,BIT
02303979,Load Tester,load3979@example.edu,BIT
02303980,Load Tester,load3980@example.edu,BIT
02303981,Load Tester,load3981@example.edu,BIT
02303982,Load Tester,load3982@example.edu,BIT
02303983,Load Tester,load3983@example.edu,BIT
02303984,Load Tester,load3984@example.edu,BIT
02303985,Load Tester,load3985@example.edu,BIT
02303986,Load Tester,load3986@example.edu,BIT
02303987,Load Tester,load3987@example.edu,BIT
02303988,Load Tester,load3988@example.edu,BIT
02303989,Load Tester,load3989@example.edu,BIT
02303990,Load Tester,load3990@example.edu,BIT
02303991,Load Tester,load3991@example.edu,BIT
02303992,Load Tester,load3992@example.edu,BIT
02303993,Load Tester,load3993@example.edu,BIT
02303994,Load Tester,load3994@example.edu,BIT
02303995,Load Tester,load3995@example.edu,BIT
02303996,Load Tester,load3996@example.edu,BIT
02303997,Load Tester,load3997@example.edu,BIT
02303998,Load Tester,load3998@example.edu,BIT
02303999,Load Tester,load3999@example.edu,BIT
02304000,Load Tester,load4000@example.edu,BIT
02304001,Load Tester,load4001@example.edu,BIT
02304002,Load Tester,load4002@example.edu,BIT
02304003,Load Tester,load4003@example.edu,BIT
02304004,Load Tester,load4004@example.edu,BIT
02304005,Load Tester,load4005@example.edu,BIT
02304006,Load Tester,load4006@example.edu,BIT
02304007,Load Tester,load4007@example.edu,BIT
02304008,Load Tester,load4008@example.edu,BIT
02304009,Load Tester,load4009@example.edu,BIT
02304010,Load Tester,load4010@example.edu,BIT
02304011,Load Tester,load4011@example.edu,BIT
02304012,Load Tester,load4012@example.edu,BIT
02304013,Load Tester,load4013@example.edu,BIT
02304014,Load Tester,load4014@example.edu,BIT
02304015,Load Tester,load4015@example.edu,BIT
02304016,Load Tester,load4016@example.edu,BIT
02304017,Load Tester,load4017@example.edu,BIT
02304018,Load Tester,load4018@example.edu,BIT
02304019,Load Tester,load4019@example.edu,BIT
02304020,Load Tester,load4020@example.edu,BIT
02304021,Load Tester,load4021@example.edu,BIT
02304022,Load Tester,load4022@example.edu,BIT
02304023,Load Tester,load4023@example.edu,BIT
02304024,Load Tester,load4024@example.edu,BIT
02304025,Load Tester,load4025@example.edu,BIT
02304026,Load Tester,load4026@example.edu,BIT
02304027,Load Tester,load4027@example.edu,BIT
02304028,Load Tester,load4028@example.edu,BIT
02304029,Load Tester,load4029@example.edu,BIT
02304030,Load Tester,load4030@example.edu,BIT
02304031,Load Tester,load4031@example.edu,BIT
02304032,Load Tester,load4032@example.edu,BIT
02304033,Load Tester,load4033@example.edu,BIT
02304034,Load Tester,load4034@example.edu,BIT
02304035,Load Tester,load4035@example.edu,BIT
02304036,Load Tester,load4036@example.edu,BIT
02304037,Load Tester,load4037@example.edu,BIT
02304038,Load Tester,load4038@example.edu,BIT
02304039,Load Tester,load4039@example.edu,BIT
02304040,Load Tester,load4040@example.edu,BIT
02304041,Load Tester,load4041@example.edu,BIT
02304042,Load Tester,load4042@example.edu,BIT
02304043,Load Tester,load4043@example.edu,BIT
02304044,Load Tester,load4044@example.edu,BIT
02304045,Load Tester,load4045@example.edu,BIT
02304046,Load Tester,load4046@example.edu,BIT
02304047,Load Tester,load4047@example.edu,BIT
02304048,Load Tester,load4048@example.edu,BIT
02304049,Load Tester,load4049@example.edu,BIT
02304050,Load Tester,load4050@example.edu,BIT
02304051,Load Tester,load4051@example.edu,BIT
02304052,Load Tester,load4052@example.edu,BIT
02304053,Load Tester,load4053@example.edu,BIT
02304054,Load Tester,load4054@example.edu,BIT
02304055,Load Tester,load4055@example.edu,BIT
02304056,Load Tester,load4056@example.edu,BIT
02304057,Load Tester,load4057@example.edu,BIT
02304058,Load Tester,load4058@example.edu,BIT
02304059,Load Tester,load4059@example.edu,BIT
02304060,Load Tester,load4060@example.edu,BIT
02304061,Load Tester,load4061@example.edu,BIT
02304062,Load Tester,load4062@example.edu,BIT
02304063,Load Tester,load4063@example.edu,BIT
02304064,Load Tester,load4064@example.edu,BIT
02304065,Load Tester,load4065@example.edu,BIT
02304066,Load Tester,load4066@example.edu,BIT
02304067,Load Tester,load4067@example.edu,BIT
02304068,Load Tester,load4068@example.edu,BIT
02304069,Load Tester,load4069@example.edu,BIT
02304070,Load Tester,load4070@example.edu,BIT
02304071,Load Tester,load4071@example.edu,BIT
02304072,Load Tester,load4072@example.edu,BIT
02304073,Load Tester,load4073@example.edu,BIT
02304074,Load Tester,load4074@example.edu,BIT
02304075,Load Tester,load4075@example.edu,BIT
02304076,Load Tester,load4076@example.edu,BIT
02304077,Load Tester,load4077@example.edu,BIT
02304078,Load Tester,load4078@example.edu,BIT
02304079,Load Tester,load4079@example.edu,BIT
02304080,Load Tester,load4080@example.edu,BIT
02304081,Load Tester,load4081@example.edu,BIT
02304082,Load Tester,load4082@example.edu,BIT
02304083,Load Tester,load4083@example.edu,BIT
02304084,Load Tester,load4084@example.edu,BIT
02304085,Load Tester,load4085@example.edu,BIT
02304086,Load Tester,load4086@example.edu,BIT
02304087,Load Tester,load4087@example.edu,BIT
02304088,Load Tester,load4088@example.edu,BIT
02304089,Load Tester,load4089@example.edu,BIT
02304090,Load Tester,load4090@example.edu,BIT
02304091,Load Tester,load4091@example.edu,BIT
02304092,Load Tester,load4092@example.edu,BIT
02304093,Load Tester,load4093@example.edu,BIT
02304094,Load Tester,load4094@example.edu,BIT
02304095,Load Tester,load4095@example.edu,BIT
02304096,Load Tester,load4096@example.edu,BIT
02304097,Load Tester,load4097@example.edu,BIT
02304098,Load Tester,load4098@example.edu,BIT
02304099,Load Tester,load4099@example.edu,BIT
02304100,Load Tester,load4100@example.edu,BIT
02304101,Load Tester,load4101@example.edu,BIT
02304102,Load Tester,load4102@example.edu,BIT
02304103,Load Tester,load4103@example.edu,BIT
02304104,Load Tester,load4104@example.edu,BIT
02304105,Load Tester,load4105@example.edu,BIT
02304106,Load Tester,load4106@example.edu,BIT
02304107,Load Tester,load4107@example.edu,BIT
02304108,Load Tester,load4108@example.edu,BIT
02304109,Load Tester,load4109@example.edu,BIT
02304110,Load Tester,load4110@example.edu,BIT
02304111,Load Tester,load4111@example.edu,BIT
02304112,Load Tester,load4112@example.edu,BIT
02304113,Load Tester,load4113@example.edu,BIT
02304114,Load Tester,load4114@example.edu,BIT
02304115,Load Tester,load4115@example.edu,BIT
02304116,Load Tester,load4116@example.edu,BIT
02304117,Load Tester,load4117@example.edu,BIT
02304118,Load Tester,load4118@example.edu,BIT
02304119,Load Tester,load4119@example.edu,BIT
02304120,Load Tester,load4120@example.edu,BIT
02304121,Load Tester,load4121@example.edu,BIT
02304122,Load Tester,load4122@example.edu,BIT
02304123,Load Tester,load4123@example.edu,BIT
02304124,Load Tester,load4124@example.edu,BIT
02304125,Load Tester,load4125@example.edu,BIT
02304126,Load Tester,load4126@example.edu,BIT
02304127,Load Tester,load4127@example.edu,BIT
02304128,Load Tester,load4128@example.edu,BIT
02304129,Load Tester,load4129@example.edu,BIT
02304130,Load Tester,load4130@example.edu,BIT
02304131,Load Tester,load4131@example.edu,BIT
02304132,Load Tester,load4132@example.edu,BIT
02304133,Load Tester,load4133@example.edu,BIT
02304134,Load Tester,load4134@example.edu,BIT
02304135,Load Tester,load4135@example.edu,BIT
02304136,Load Tester,load4136@example.edu,BIT
02304137,Load Tester,load4137@example.edu,BIT
02304138,Load Tester,load4138@example.edu,BIT
02304139,Load Tester,load4139@example.edu,BIT
02304140,Load Tester,load4140@example.edu,BIT
02304141,Load Tester,load4141@example.edu,BIT
02304142,Load Tester,load4142@example.edu,BIT
02304143,Load Tester,load4143@example.edu,BIT
02304144,Load Tester,load4144@example.edu,BIT
02304145,Load Tester,load4145@example.edu,BIT
02304146,Load Tester,load4146@example.edu,BIT
02304147,Load Tester,load4147@example.edu,BIT
02304148,Load Tester,load4148@example.edu,BIT
02304149,Load Tester,load4149@example.edu,BIT
02304150,Load Tester,load4150@example.edu,BIT
02304151,Load Tester,load4151@example.edu,BIT
02304152,Load Tester,load4152@example.edu,BIT
02304153,Load Tester,load4153@example.edu,BIT
02304154,Load Tester,load4154@example.edu,BIT
02304155,Load Tester,load4155@example.edu,BIT
02304156,Load Tester,load4156@example.edu,BIT
02304157,Load Tester,load4157@example.edu,BIT
02304158,Load Tester,load4158@example.edu,BIT
02304159,Load Tester,load4159@example.edu,BIT
02304160,Load Tester,load4160@example.edu,BIT
02304161,Load Tester,load4161@example.edu,BIT
02304162,Load Tester,load4162@example.edu,BIT
02304163,Load Tester,load4163@example.edu,BIT
02304164,Load Tester,load4164@example.edu,BIT
02304165,Load Tester,load4165@example.edu,BIT
02304166,Load Tester,load4166@example.edu,BIT
02304167,Load Tester,load4167@example.edu,BIT
02304168,Load Tester,load4168@example.edu,BIT
02304169,Load Tester,load4169@example.edu,BIT
02304170,Load Tester,load4170@example.edu,BIT
02304171,Load Tester,load4171@example.edu,BIT
02304172,Load Tester,load4172@example.edu,BIT
02304173,Load Tester,load4173@example.edu,BIT
02304174,Load Tester,load4174@example.edu,BIT
02304175,Load Tester,load4175@example.edu,BIT
02304176,Load Tester,load4176@example.edu,BIT
02304177,Load Tester,load4177@example.edu,BIT
02304178,Load Tester,load4178@example.edu,BIT
02304179,Load Tester,load4179@example.edu,BIT
02304180,Load Tester,load4180@example.edu,BIT
02304181,Load Tester,load4181@example.edu,BIT
02304182,Load Tester,load4182@example.edu,BIT
02304183,Load Tester,load4183@example.edu,BIT
02304184,Load Tester,load4184@example.edu,BIT
02304185,Load Tester,load4185@example.edu,BIT
02304186,Load Tester,load4186@example.edu,BIT
02304187,Load Tester,load4187@example.edu,BIT
02304188,Load Tester,load4188@example.edu,BIT
02304189,Load Tester,load4189@example.edu,BIT
02304190,Load Tester,load4190@example.edu,BIT
02304191,Load Tester,load4191@example.edu,BIT
02304192,Load Tester,load4192@example.edu,BIT
02304193,Load Tester,load4193@example.edu,BIT
02304194,Load Tester,load4194@example.edu,BIT
02304195,Load Tester,load4195@example.edu,BIT
02304196,Load Tester,load4196@example.edu,BIT
02304197,Load Tester,load4197@example.edu,BIT
02304198,Load Tester,load4198@example.edu,BIT
02304199,Load Tester,load4199@example.edu,BIT
02304200,Load Tester,load4200@example.edu,BIT
02304201,Load Tester,load4201@example.edu,BIT
02304202,Load Tester,load4202@example.edu,BIT
02304203,Load Tester,load4203@example.edu,BIT
02304204,Load Tester,load4204@example.edu,BIT
02304205,Load Tester,load4205@example.edu,BIT
02304206,Load Tester,load4206@example.edu,BIT
02304207,Load Tester,load4207@example.edu,BIT
02304208,Load Tester,load4208@example.edu,BIT
02304209,Load Tester,load4209@example.edu,BIT
02304210,Load Tester,load4210@example.edu,BIT
02304211,Load Tester,load4211@example.edu,BIT
02304212,Load Tester,load4212@example.edu,BIT
02304213,Load Tester,load4213@example.edu,BIT
02304214,Load Tester,load4214@example.edu,BIT
02304215,Load Tester,load4215@example.edu,BIT
02304216,Load Tester,load4216@example.edu,BIT
02304217,Load Tester,load4217@example.edu,BIT
02304218,Load Tester,load4218@example.edu,BIT
02304219,Load Tester,load4219@example.edu,BIT
02304220,Load Tester,load4220@example.edu,BIT
02304221,Load Tester,load4221@example.edu,BIT
02304222,Load Tester,load4222@example.edu,BIT
02304223,Load Tester,load4223@example.edu,BIT
02304224,Load Tester,load4224@example.edu,BIT
02304225,Load Tester,load4225@example.edu,BIT
02304226,Load Tester,load4226@example.edu,BIT
02304227,Load Tester,load4227@example.edu,BIT
02304228,Load Tester,load4228@example.edu,BIT
02304229,Load Tester,load4229@example.edu,BIT
02304230,Load Tester,load4230@example.edu,BIT
02304231,Load Tester,load4231@example.edu,BIT
02304232,Load Tester,load4232@example.edu,BIT
02304233,Load Tester,load4233@example.edu,BIT
02304234,Load Tester,load4234@example.edu,BIT
02304235,Load Tester,load4235@example.edu,BIT
02304236,Load Tester,load4236@example.edu,BIT
02304237,Load Tester,load4237@example.edu,BIT
02304238,Load Tester,load4238@example.edu,BIT
02304239,Load Tester,load4239@example.edu,BIT
02304240,Load Tester,load4240@example.edu,BIT
02304241,Load Tester,load4241@example.edu,BIT
02304242,Load Tester,load4242@example.edu,BIT
02304243,Load Tester,load4243@example.edu,BIT
02304244,Load Tester,load4244@example.edu,BIT
02304245,Load Tester,load4245@example.edu,BIT
02304246,Load Tester,load4246@example.edu,BIT
02304247,Load Tester,load4247@example.edu,BIT
02304248,Load Tester,load4248@example.edu,BIT
02304249,Load Tester,load4249@example.edu,BIT
02304250,Load Tester,load4250@example.edu,BIT
02304251,Load Tester,load4251@example.edu,BIT
02304252,Load Tester,load4252@example.edu,BIT
02304253,Load Tester,load4253@example.edu,BIT
02304254,Load Tester,load4254@example.edu,BIT
02304255,Load Tester,load4255@example.edu,BIT
02304256,Load Tester,load4256@example.edu,BIT
02304257,Load Tester,load4257@example.edu,BIT
02304258,Load Tester,load4258@example.edu,BIT
02304259,Load Tester,load4259@example.edu,BIT
02304260,Load Tester,load4260@example.edu,BIT
02304261,Load Tester,load4261@example.edu,BIT
02304262,Load Tester,load4262@example.edu,BIT
02304263,Load Tester,load4263@example.edu,BIT
02304264,Load Tester,load4264@example.edu,BIT
02304265,Load Tester,load4265@example.edu,BIT
02304266,Load Tester,load4266@example.edu,BIT
02304267,Load Tester,load4267@example.edu,BIT
02304268,Load Tester,load4268@example.edu,BIT
02304269,Load Tester,load4269@example.edu,BIT
02304270,Load Tester,load4270@example.edu,BIT
02304271,Load Tester,load4271@example.edu,BIT
02304272,Load Tester,load4272@example.edu,BIT
02304273,Load Tester,load4273@example.edu,BIT
02304274,Load Tester,load4274@example.edu,BIT
02304275,Load Tester,load4275@example.edu,BIT
02304276,Load Tester,load4276@example.edu,BIT
02304277,Load Tester,load4277@example.edu,BIT
02304278,Load Tester,load4278@example.edu,BIT
02304279,Load Tester,load4279@example.edu,BIT
02304280,Load Tester,load4280@example.edu,BIT
02304281,Load Tester,load4281@example.edu,BIT
02304282,Load Tester,load4282@example.edu,BIT
02304283,Load Tester,load4283@example.edu,BIT
02304284,Load Tester,load4284@example.edu,BIT
02304285,Load Tester,load4285@example.edu,BIT
02304286,Load Tester,load4286@example.edu,BIT
02304287,Load Tester,load4287@example.edu,BIT
02304288,Load Tester,load4288@example.edu,BIT
02304289,Load Tester,load4289@example.edu,BIT
02304290,Load Tester,load4290@example.edu,BIT
02304291,Load Tester,load4291@example.edu,BIT
02304292,Load Tester,load4292@example.edu,BIT
02304293,Load Tester,load4293@example.edu,BIT
02304294,Load Tester,load4294@example.edu,BIT
02304295,Load Tester,load4295@example.edu,BIT
02304296,Load Tester,load4296@example.edu,BIT
02304297,Load Tester,load4297@example.edu,BIT
02304298,Load Tester,load4298@example.edu,BIT
02304299,Load Tester,load4299@example.edu,BIT
02304300,Load Tester,load4300@example.edu,BIT
02304301,Load Tester,load4301@example.edu,BIT
02304302,Load Tester,load4302@example.edu,BIT
02304303,Load Tester,load4303@example.edu,BIT
02304304,Load Tester,load4304@example.edu,BIT
02304305,Load Tester,load4305@example.edu,BIT
02304306,Load Tester,load4306@example.edu,BIT
02304307,Load Tester,load4307@example.edu,BIT
02304308,Load Tester,load4308@example.edu,BIT
02304309,Load Tester,load4309@example.edu,BIT
02304310,Load Tester,load4310@example.edu,BIT
02304311,Load Tester,load4311@example.edu,BIT
02304312,Load Tester,load4312@example.edu,BIT
02304313,Load Tester,load4313@example.edu,BIT
02304314,Load Tester,load4314@example.edu,BIT
02304315,Load Tester,load4315@example.edu,BIT
02304316,Load Tester,load4316@example.edu,BIT
02304317,Load Tester,load4317@example.edu,BIT
02304318,Load Tester,load4318@example.edu,BIT
02304319,Load Tester,load4319@example.edu,BIT
02304320,Load Tester,load4320@example.edu,BIT
02304321,Load Tester,load4321@example.edu,BIT
02304322,Load Tester,load4322@example.edu,BIT
02304323,Load Tester,load4323@example.edu,BIT
02304324,Load Tester,load4324@example.edu,BIT
02304325,Load Tester,load4325@example.edu,BIT
02304326,Load Tester,load4326@example.edu,BIT
02304327,Load Tester,load4327@example.edu,BIT
02304328,Load Tester,load4328@example.edu,BIT
02304329,Load Tester,load4329@example.edu,BIT
02304330,Load Tester,load4330@example.edu,BIT
02304331,Load Tester,load4331@example.edu,BIT
02304332,Load Tester,load4332@example.edu,BIT
02304333,Load Tester,load4333@example.edu,BIT
02304334,Load Tester,load4334@example.edu,BIT
02304335,Load Tester,load4335@example.edu,BIT
02304336,Load Tester,load4336@example.edu,BIT
02304337,Load Tester,load4337@example.edu,BIT
02304338,Load Tester,load4338@example.edu,BIT
02304339,Load Tester,load4339@example.edu,BIT
02304340,Load Tester,load4340@example.edu,BIT
02304341,Load Tester,load4341@example.edu,BIT
02304342,Load Tester,load4342@example.edu,BIT
02304343,Load Tester,load4343@example.edu,BIT
02304344,Load Tester,load4344@example.edu,BIT
02304345,Load Tester,load4345@example.edu,BIT
02304346,Load Tester,load4346@example.edu,BIT
02304347,Load Tester,load4347@example.edu,BIT
02304348,Load Tester,load4348@example.edu,BIT
02304349,Load Tester,load4349@example.edu,BIT
02304350,Load Tester,load4350@example.edu,BIT
02304351,Load Tester,load4351@example.edu,BIT
02304352,Load Tester,load4352@example.edu,BIT
02304353,Load Tester,load4353@example.edu,BIT
02304354,Load Tester,load4354@example.edu,BIT
02304355,Load Tester,load4355@example.edu,BIT
02304356,Load Tester,load4356@example.edu,BIT
02304357,Load Tester,load4357@example.edu,BIT
02304358,Load Tester,load4358@example.edu,BIT
02304359,Load Tester,load4359@example.edu,BIT
02304360,Load Tester,load4360@example.edu,BIT
02304361,Load Tester,load4361@example.edu,BIT
02304362,Load Tester,load4362@example.edu,BIT
02304363,Load Tester,load4363@example.edu,BIT
02304364,Load Tester,load4364@example.edu,BIT
02304365,Load Tester,load4365@example.edu,BIT
02304366,Load Tester,load4366@example.edu,BIT
02304367,Load Tester,load4367@example.edu,BIT
02304368,Load Tester,load4368@example.edu,BIT
02304369,Load Tester,load4369@example.edu,BIT
02304370,Load Tester,load4370@example.edu,BIT
02304371,Load Tester,load4371@example.edu,BIT
02304372,Load Tester,load4372@example.edu,BIT
02304373,Load Tester,load4373@example.edu,BIT
02304374,Load Tester,load4374@example.edu,BIT
02304375,Load Tester,load4375@example.edu,BIT
02304376,Load Tester,load4376@example.edu,BIT
02304377,Load Tester,load4377@example.edu,BIT
02304378,Load Tester,load4378@example.edu,BIT
02304379,Load Tester,load4379@example.edu,BIT
02304380,Load Tester,load4380@example.edu,BIT
02304381,Load Tester,load4381@example.edu,BIT
02304382,Load Tester,load4382@example.edu,BIT
02304383,Load Tester,load4383@example.edu,BIT
02304384,Load Tester,load4384@example.edu,BIT
02304385,Load Tester,load4385@example.edu,BIT
02304386,Load Tester,load4386@example.edu,BIT
02304387,Load Tester,load4387@example.edu,BIT
02304388,Load Tester,load4388@example.edu,BIT
02304389,Load Tester,load4389@example.edu,BIT
02304390,Load Tester,load4390@example.edu,BIT
02304391,Load Tester,load4391@example.edu,BIT
02304392,Load Tester,load4392@example.edu,BIT
02304393,Load Tester,load4393@example.edu,BIT
02304394,Load Tester,load4394@example.edu,BIT
02304395,Load Tester,load4395@example.edu,BIT
02304396,Load Tester,load4396@example.edu,BIT
02304397,Load Tester,load4397@example.edu,BIT
02304398,Load Tester,load4398@example.edu,BIT
02304399,Load Tester,load4399@example.edu,BIT
02304400,Load Tester,load4400@example.edu,BIT
02304401,Load Tester,load4401@example.edu,BIT
02304402,Load Tester,load4402@example.edu,BIT
02304403,Load Tester,load4403@example.edu,BIT
02304404,Load Tester,load4404@example.edu,BIT
02304405,Load Tester,load4405@example.edu,BIT
02304406,Load Tester,load4406@example.edu,BIT
02304407,Load Tester,load4407@example.edu,BIT
02304408,Load Tester,load4408@example.edu,BIT
02304409,Load Tester,load4409@example.edu,BIT
02304410,Load Tester,load4410@example.edu,BIT
02304411,Load Tester,load4411@example.edu,BIT
02304412,Load Tester,load4412@example.edu,BIT
02304413,Load Tester,load4413@example.edu,BIT
02304414,Load Tester,load4414@example.edu,BIT
02304415,Load Tester,load4415@example.edu,BIT
02304416,Load Tester,load4416@example.edu,BIT
02304417,Load Tester,load4417@example.edu,BIT
02304418,Load Tester,load4418@example.edu,BIT
02304419,Load Tester,load4419@example.edu,BIT
02304420,Load Tester,load4420@example.edu,BIT
02304421,Load Tester,load4421@example.edu,BIT
02304422,Load Tester,load4422@example.edu,BIT
02304423,Load Tester,load4423@example.edu,BIT
02304424,Load Tester,load4424@example.edu,BIT
02304425,Load Tester,load4425@example.edu,BIT
02304426,Load Tester,load4426@example.edu,BIT
02304427,Load Tester,load4427@example.edu,BIT
02304428,Load Tester,load4428@example.edu,BIT
02304429,Load Tester,load4429@example.edu,BIT
02304430,Load Tester,load4430@example.edu,BIT
02304431,Load Tester,load4431@example.edu,BIT
02304432,Load Tester,load4432@example.edu,BIT
02304433,Load Tester,load4433@example.edu,BIT
02304434,Load Tester,load4434@example.edu,BIT
02304435,Load Tester,load4435@example.edu,BIT
02304436,Load Tester,load4436@example.edu,BIT
02304437,Load Tester,load4437@example.edu,BIT
02304438,Load Tester,load4438@example.edu,BIT
02304439,Load Tester,load4439@example.edu,BIT
02304440,Load Tester,load4440@example.edu,BIT
02304441,Load Tester,load4441@example.edu,BIT
02304442,Load Tester,load4442@example.edu,BIT
02304443,Load Tester,load4443@example.edu,BIT
02304444,Load Tester,load4444@example.edu,BIT
02304445,Load Tester,load4445@example.edu,BIT
02304446,Load Tester,load4446@example.edu,BIT
02304447,Load Tester,load4447@example.edu,BIT
02304448,Load Tester,load4448@example.edu,BIT
02304449,Load Tester,load4449@example.edu,BIT
02304450,Load Tester,load4450@example.edu,BIT
02304451,Load Tester,load4451@example.edu,BIT
02304452,Load Tester,load4452@example.edu,BIT
02304453,Load Tester,load4453@example.edu,BIT
02304454,Load Tester,load4454@example.edu,BIT
02304455,Load Tester,load4455@example.edu,BIT
02304456,Load Tester,load4456@example.edu,BIT
02304457,Load Tester,load4457@example.edu,BIT
02304458,Load Tester,load4458@example.edu,BIT
02304459,Load Tester,load4459@example.edu,BIT
02304460,Load Tester,load4460@example.edu,BIT
02304461,Load Tester,load4461@example.edu,BIT
02304462,Load Tester,load4462@example.edu,BIT
02304463,Load Tester,load4463@example.edu,BIT
02304464,Load Tester,load4464@example.edu,BIT
02304465,Load Tester,load4465@example.edu,BIT
02304466,Load Tester,load4466@example.edu,BIT
02304467,Load Tester,load4467@example.edu,BIT
02304468,Load Tester,load4468@example.edu,BIT
02304469,Load Tester,load4469@example.edu,BIT
02304470,Load Tester,load4470@example.edu,BIT
02304471,Load Tester,load4471@example.edu,BIT
02304472,Load Tester,load4472@example.edu,BIT
02304473,Load Tester,load4473@example.edu,BIT
02304474,Load Tester,load4474@example.edu,BIT
02304475,Load Tester,load4475@example.edu,BIT
02304476,Load Tester,load4476@example.edu,BIT
02304477,Load Tester,load4477@example.edu,BIT
02304478,Load Tester,load4478@example.edu,BIT
02304479,Load Tester,load4479@example.edu,BIT
02304480,Load Tester,load4480@example.edu,BIT
02304481,Load Tester,load4481@example.edu,BIT
02304482,Load Tester,load4482@example.edu,BIT
02304483,Load Tester,load4483@example.edu,BIT
02304484,Load Tester,load4484@example.edu,BIT
02304485,Load Tester,load4485@example.edu,BIT
02304486,Load Tester,load4486@example.edu,BIT
02304487,Load Tester,load4487@example.edu,BIT
02304488,Load Tester,load4488@example.edu,BIT
02304489,Load Tester,load4489@example.edu,BIT
02304490,Load Tester,load4490@example.edu,BIT
02304491,Load Tester,load4491@example.edu,BIT
02304492,Load Tester,load4492@example.edu,BIT
02304493,Load Tester,load4493@example.edu,BIT
02304494,Load Tester,load4494@example.edu,BIT
02304495,Load Tester,load4495@example.edu,BIT
02304496,Load Tester,load4496@example.edu,BIT
02304497,Load Tester,load4497@example.edu,BIT
02304498,Load Tester,load4498@example.edu,BIT
02304499,Load Tester,load4499@example.edu,BIT
02304500,Load Tester,load4500@example.edu,BIT
02304501,Load Tester,load4501@example.edu,BIT
02304502,Load Tester,load4502@example.edu,BIT
02304503,Load Tester,load4503@example.edu,BIT
02304504,Load Tester,load4504@example.edu,BIT
02304505,Load Tester,load4505@example.edu,BIT
02304506,Load Tester,load4506@example.edu,BIT
02304507,Load Tester,load4507@example.edu,BIT
02304508,Load Tester,load4508@example.edu,BIT
02304509,Load Tester,load4509@example.edu,BIT
02304510,Load Tester,load4510@example.edu,BIT
02304511,Load Tester,load4511@example.edu,BIT
02304512,Load Tester,load4512@example.edu,BIT
02304513,Load Tester,load4513@example.edu,BIT
02304514,Load Tester,load4514@example.edu,BIT
02304515,Load Tester,load4515@example.edu,BIT
02304516,Load Tester,load4516@example.edu,BIT
02304517,Load Tester,load4517@example.edu,BIT
02304518,Load Tester,load4518@example.edu,BIT
02304519,Load Tester,load4519@example.edu,BIT
02304520,Load Tester,load4520@example.edu,BIT
02304521,Load Tester,load4521@example.edu,BIT
02304522,Load Tester,load4522@example.edu,BIT
02304523,Load Tester,load4523@example.edu,BIT
02304524,Load Tester,load4524@example.edu,BIT
02304525,Load Tester,load4525@example.edu,BIT
02304526,Load Tester,load4526@example.edu,BIT
02304527,Load Tester,load4527@example.edu,BIT
02304528,Load Tester,load4528@example.edu,BIT
02304529,Load Tester,load4529@example.edu,BIT
02304530,Load Tester,load4530@example.edu,BIT
02304531,Load Tester,load4531@example.edu,BIT
02304532,Load Tester,load4532@example.edu,BIT
02304533,Load Tester,load4533@example.edu,BIT
02304534,Load Tester,load4534@example.edu,BIT
02304535,Load Tester,load4535@example.edu,BIT
02304536,Load Tester,load4536@example.edu,BIT
02304537,Load Tester,load4537@example.edu,BIT
02304538,Load Tester,load4538@example.edu,BIT
02304539,Load Tester,load4539@example.edu,BIT
02304540,Load Tester,load4540@example.edu,BIT
02304541,Load Tester,load4541@example.edu,BIT
02304542,Load Tester,load4542@example.edu,BIT
02304543,Load Tester,load4543@example.edu,BIT
02304544,Load Tester,load4544@example.edu,BIT
02304545,Load Tester,load4545@example.edu,BIT
02304546,Load Tester,load4546@example.edu,BIT
02304547,Load Tester,load4547@example.edu,BIT
02304548,Load Tester,load4548@example.edu,BIT
02304549,Load Tester,load4549@example.edu,BIT
02304550,Load Tester,load4550@example.edu,BIT
02304551,Load Tester,load4551@example.edu,BIT
02304552,Load Tester,load4552@example.edu,BIT
02304553,Load Tester,load4553@example.edu,BIT
02304554,Load Tester,load4554@example.edu,BIT
02304555,Load Tester,load4555@example.edu,BIT
02304556,Load Tester,load4556@example.edu,BIT
02304557,Load Tester,load4557@example.edu,BIT
02304558,Load Tester,load4558@example.edu,BIT
02304559,Load Tester,load4559@example.edu,BIT
02304560,Load Tester,load4560@example.edu,BIT
02304561,Load Tester,load4561@example.edu,BIT
02304562,Load Tester,load4562@example.edu,BIT
02304563,Load Tester,load4563@example.edu,BIT
02304564,Load Tester,load4564@example.edu,BIT
02304565,Load Tester,load4565@example.edu,BIT
02304566,Load Tester,load4566@example.edu,BIT
02304567,Load Tester,load4567@example.edu,BIT
02304568,Load Tester,load4568@example.edu,BIT
02304569,Load Tester,load4569@example.edu,BIT
02304570,Load Tester,load4570@example.edu,BIT
02304571,Load Tester,load4571@example.edu,BIT
02304572,Load Tester,load4572@example.edu,BIT
02304573,Load Tester,load4573@example.edu,BIT
02304574,Load Tester,load4574@example.edu,BIT
02304575,Load Tester,load4575@example.edu,BIT
02304576,Load Tester,load4576@example.edu,BIT
02304577,Load Tester,load4577@example.edu,BIT
02304578,Load Tester,load4578@example.edu,BIT
02304579,Load Tester,load4579@example.edu,BIT
02304580,Load Tester,load4580@example.edu,BIT
02304581,Load Tester,load4581@example.edu,BIT
02304582,Load Tester,load4582@example.edu,BIT
02304583,Load Tester,load4583@example.edu,BIT
02304584,Load Tester,load4584@example.edu,BIT
02304585,Load Tester,load4585@example.edu,BIT
02304586,Load Tester,load4586@example.edu,BIT
02304587,Load Tester,load4587@example.edu,BIT
02304588,Load Tester,load4588@example.edu,BIT
02304589,Load Tester,load4589@example.edu,BIT
02304590,Load Tester,load4590@example.edu,BIT
02304591,Load Tester,load4591@example.edu,BIT
02304592,Load Tester,load4592@example.edu,BIT
02304593,Load Tester,load4593@example.edu,BIT
02304594,Load Tester,load4594@example.edu,BIT
02304595,Load Tester,load4595@example.edu,BIT
02304596,Load Tester,load4596@example.edu,BIT
02304597,Load Tester,load4597@example.edu,BIT
02304598,Load Tester,load4598@example.edu,BIT
02304599,Load Tester,load4599@example.edu,BIT
02304600,Load Tester,load4600@example.edu,BIT
02304601,Load Tester,load4601@example.edu,BIT
02304602,Load Tester,load4602@example.edu,BIT
02304603,Load Tester,load4603@example.edu,BIT
02304604,Load Tester,load4604@example.edu,BIT
02304605,Load Tester,load4605@example.edu,BIT
02304606,Load Tester,load4606@example.edu,BIT
02304607,Load Tester,load4607@example.edu,BIT
02304608,Load Tester,load4608@example.edu,BIT
02304609,Load Tester,load4609@example.edu,BIT
02304610,Load Tester,load4610@example.edu,BIT
02304611,Load Tester,load4611@example.edu,BIT
02304612,Load Tester,load4612@example.edu,BIT
02304613,Load Tester,load4613@example.edu,BIT
02304614,Load Tester,load4614@example.edu,BIT
02304615,Load Tester,load4615@example.edu,BIT
02304616,Load Tester,load4616@example.edu,BIT
02304617,Load Tester,load4617@example.edu,BIT
02304618,Load Tester,load4618@example.edu,BIT
02304619,Load Tester,load4619@example.edu,BIT
02304620,Load Tester,load4620@example.edu,BIT
02304621,Load Tester,load4621@example.edu,BIT
02304622,Load Tester,load4622@example.edu,BIT
02304623,Load Tester,load4623@example.edu,BIT
02304624,Load Tester,load4624@example.edu,BIT
02304625,Load Tester,load4625@example.edu,BIT
02304626,Load Tester,load4626@example.edu,BIT
02304627,Load Tester,load4627@example.edu,BIT
02304628,Load Tester,load4628@example.edu,BIT
02304629,Load Tester,load4629@example.edu,BIT
02304630,Load Tester,load4630@example.edu,BIT
02304631,Load Tester,load4631@example.edu,BIT
02304632,Load Tester,load4632@example.edu,BIT
02304633,Load Tester,load4633@example.edu,BIT
02304634,Load Tester,load4634@example.edu,BIT
02304635,Load Tester,load4635@example.edu,BIT
02304636,Load Tester,load4636@example.edu,BIT
02304637,Load Tester,load4637@example.edu,BIT
02304638,Load Tester,load4638@example.edu,BIT
02304639,Load Tester,load4639@example.edu,BIT
02304640,Load Tester,load4640@example.edu,BIT
02304641,Load Tester,load4641@example.edu,BIT
02304642,Load Tester,load4642@example.edu,BIT
02304643,Load Tester,load4643@example.edu,BIT
02304644,Load Tester,load4644@example.edu,BIT
02304645,Load Tester,load4645@example.edu,BIT
02304646,Load Tester,load4646@example.edu,BIT
02304647,Load Tester,load4647@example.edu,BIT
02304648,Load Tester,load4648@example.edu,BIT
02304649,Load Tester,load4649@example.edu,BIT
02304650,Load Tester,load4650@example.edu,BIT
02304651,Load Tester,load4651@example.edu,BIT
02304652,Load Tester,load4652@example.edu,BIT
02304653,Load Tester,load4653@example.edu,BIT
02304654,Load Tester,load4654@example.edu,BIT
02304655,Load Tester,load4655@example.edu,BIT
02304656,Load Tester,load4656@example.edu,BIT
02304657,Load Tester,load4657@example.edu,BIT
02304658,Load Tester,load4658@example.edu,BIT
02304659,Load Tester,load4659@example.edu,BIT
02304660,Load Tester,load4660@example.edu,BIT
02304661,Load Tester,load4661@example.edu,BIT
02304662,Load Tester,load4662@example.edu,BIT
02304663,Load Tester,load4663@example.edu,BIT
02304664,Load Tester,load4664@example.edu,BIT
02304665,Load Tester,load4665@example.edu,BIT
02304666,Load Tester,load4666@example.edu,BIT
02304667,Load Tester,load4667@example.edu,BIT
02304668,Load Tester,load4668@example.edu,BIT
02304669,Load Tester,load4669@example.edu,BIT
02304670,Load Tester,load4670@example.edu,BIT
02304671,Load Tester,load4671@example.edu,BIT
02304672,Load Tester,load4672@example.edu,BIT
02304673,Load Tester,load4673@example.edu,BIT
02304674,Load Tester,load4674@example.edu,BIT
02304675,Load Tester,load4675@example.edu,BIT
02304676,Load Tester,load4676@example.edu,BIT
02304677,Load Tester,load4677@example.edu,BIT
02304678,Load Tester,load4678@example.edu,BIT
02304679,Load Tester,load4679@example.edu,BIT
02304680,Load Tester,load4680@example.edu,BIT
02304681,Load Tester,load4681@example.edu,BIT
02304682,Load Tester,load4682@example.edu,BIT
02304683,Load Tester,load4683@example.edu,BIT
02304684,Load Tester,load4684@example.edu,BIT
02304685,Load Tester,load4685@example.edu,BIT
02304686,Load Tester,load4686@example.edu,BIT
02304687,Load Tester,load4687@example.edu,BIT
02304688,Load Tester,load4688@example.edu,BIT
02304689,Load Tester,load4689@example.edu,BIT
02304690,Load Tester,load4690@example.edu,BIT
02304691,Load Tester,load4691@example.edu,BIT
02304692,Load Tester,load4692@example.edu,BIT
02304693,Load Tester,load4693@example.edu,BIT
02304694,Load Tester,load4694@example.edu,BIT
02304695,Load Tester,load4695@example.edu,BIT
02304696,Load Tester,load4696@example.edu,BIT
02304697,Load Tester,load4697@example.edu,BIT
02304698,Load Tester,load4698@example.edu,BIT
02304699,Load Tester,load4699@example.edu,BIT
02304700,Load Tester,load4700@example.edu,BIT
02304701,Load Tester,load4701@example.edu,BIT
02304702,Load Tester,load4702@example.edu,BIT
02304703,Load Tester,load4703@example.edu,BIT
02304704,Load Tester,load4704@example.edu,BIT
02304705,Load Tester,load4705@example.edu,BIT
02304706,Load Tester,load4706@example.edu,BIT
02304707,Load Tester,load4707@example.edu,BIT
02304708,Load Tester,load4708@example.edu,BIT
02304709,Load Tester,load4709@example.edu,BIT
02304710,Load Tester,load4710@example.edu,BIT
02304711,Load Tester,load4711@example.edu,BIT
02304712,Load Tester,load4712@example.edu,BIT
02304713,Load Tester,load4713@example.edu,BIT
02304714,Load Tester,load4714@example.edu,BIT
02304715,Load Tester,load4715@example.edu,BIT
02304716,Load Tester,load4716@example.edu,BIT
02304717,Load Tester,load4717@example.edu,BIT
02304718,Load Tester,load4718@example.edu,BIT
02304719,Load Tester,load4719@example.edu,BIT
02304720,Load Tester,load4720@example.edu,BIT
02304721,Load Tester,load4721@example.edu,BIT
02304722,Load Tester,load4722@example.edu,BIT
02304723,Load Tester,load4723@example.edu,BIT
02304724,Load Tester,load4724@example.edu,BIT
02304725,Load Tester,load4725@example.edu,BIT
02304726,Load Tester,load4726@example.edu,BIT
02304727,Load Tester,load4727@example.edu,BIT
02304728,Load Tester,load4728@example.edu,BIT
02304729,Load Tester,load4729@example.edu,BIT
02304730,Load Tester,load4730@example.edu,BIT
02304731,Load Tester,load4731@example.edu,BIT
02304732,Load Tester,load4732@example.edu,BIT
02304733,Load Tester,load4733@example.edu,BIT
02304734,Load Tester,load4734@example.edu,BIT
02304735,Load Tester,load4735@example.edu,BIT
02304736,Load Tester,load4736@example.edu,BIT
02304737,Load Tester,load4737@example.edu,BIT
02304738,Load Tester,load4738@example.edu,BIT
02304739,Load Tester,load4739@example.edu,BIT
02304740,Load Tester,load4740@example.edu,BIT
02304741,Load Tester,load4741@example.edu,BIT
02304742,Load Tester,load4742@example.edu,BIT
02304743,Load Tester,load4743@example.edu,BIT
02304744,Load Tester,load4744@example.edu,BIT
02304745,Load Tester,load4745@example.edu,BIT
02304746,Load Tester,load4746@example.edu,BIT
02304747,Load Tester,load4747@example.edu,BIT
02304748,Load Tester,load4748@example.edu,BIT
02304749,Load Tester,load4749@example.edu,BIT
02304750,Load Tester,load4750@example.edu,BIT
02304751,Load Tester,load4751@example.edu,BIT
02304752,Load Tester,load4752@example.edu,BIT
02304753,Load Tester,load4753@example.edu,BIT
02304754,Load Tester,load4754@example.edu,BIT
02304755,Load Tester,load4755@example.edu,BIT
02304756,Load Tester,load4756@example.edu,BIT
02304757,Load Tester,load4757@example.edu,BIT
02304758,Load Tester,load4758@example.edu,BIT
02304759,Load Tester,load4759@example.edu,BIT
02304760,Load Tester,load4760@example.edu,BIT
02304761,Load Tester,load4761@example.edu,BIT
02304762,Load Tester,load4762@example.edu,BIT
02304763,Load Tester,load4763@example.edu,BIT
02304764,Load Tester,load4764@example.edu,BIT
02304765,Load Tester,load4765@example.edu,BIT
02304766,Load Tester,load4766@example.edu,BIT
02304767,Load Tester,load4767@example.edu,BIT
02304768,Load Tester,load4768@example.edu,BIT
02304769,Load Tester,load4769@example.edu,BIT
02304770,Load Tester,load4770@example.edu,BIT
02304771,Load Tester,load4771@example.edu,BIT
02304772,Load Tester,load4772@example.edu,BIT
02304773,Load Tester,load4773@example.edu,BIT
02304774,Load Tester,load4774@example.edu,BIT
02304775,Load Tester,load4775@example.edu,BIT
02304776,Load Tester,load4776@example.edu,BIT
02304777,Load Tester,load4777@example.edu,BIT
02304778,Load Tester,load4778@example.edu,BIT
02304779,Load Tester,load4779@example.edu,BIT
02304780,Load Tester,load4780@example.edu,BIT
02304781,Load Tester,load4781@example.edu,BIT
02304782,Load Tester,load4782@example.edu,BIT
02304783,Load Tester,load4783@example.edu,BIT
02304784,Load Tester,load4784@example.edu,BIT
02304785,Load Tester,load4785@example.edu,BIT
02304786,Load Tester,load4786@example.edu,BIT
02304787,Load Tester,load4787@example.edu,BIT
02304788,Load Tester,load4788@example.edu,BIT
02304789,Load Tester,load4789@example.edu,BIT
02304790,Load Tester,load4790@example.edu,BIT
02304791,Load Tester,load4791@example.edu,BIT
02304792,Load Tester,load4792@example.edu,BIT
02304793,Load Tester,load4793@example.edu,BIT
02304794,Load Tester,load4794@example.edu,BIT
02304795,Load Tester,load4795@example.edu,BIT
02304796,Load Tester,load4796@example.edu,BIT
02304797,Load Tester,load4797@example.edu,BIT
02304798,Load Tester,load4798@example.edu,BIT
02304799,Load Tester,load4799@example.edu,BIT
02304800,Load Tester,load4800@example.edu,BIT
02304801,Load Tester,load4801@example.edu,BIT
02304802,Load Tester,load4802@example.edu,BIT
02304803,Load Tester,load4803@example.edu,BIT
02304804,Load Tester,load4804@example.edu,BIT
02304805,Load Tester,load4805@example.edu,BIT
02304806,Load Tester,load4806@example.edu,BIT
02304807,Load Tester,load4807@example.edu,BIT
02304808,Load Tester,load4808@example.edu,BIT
02304809,Load Tester,load4809@example.edu,BIT
02304810,Load Tester,load4810@example.edu,BIT
02304811,Load Tester,load4811@example.edu,BIT
02304812,Load Tester,load4812@example.edu,BIT
02304813,Load Tester,load4813@example.edu,BIT
02304814,Load Tester,load4814@example.edu,BIT
02304815,Load Tester,load4815@example.edu,BIT
02304816,Load Tester,load4816@example.edu,BIT
02304817,Load Tester,load4817@example.edu,BIT
02304818,Load Tester,load4818@example.edu,BIT
02304819,Load Tester,load4819@example.edu,BIT
02304820,Load Tester,load4820@example.edu,BIT
02304821,Load Tester,load4821@example.edu,BIT
02304822,Load Tester,load4822@example.edu,BIT
02304823,Load Tester,load4823@example.edu,BIT
02304824,Load Tester,load4824@example.edu,BIT
02304825,Load Tester,load4825@example.edu,BIT
02304826,Load Tester,load4826@example.edu,BIT
02304827,Load Tester,load4827@example.edu,BIT
02304828,Load Tester,load4828@example.edu,BIT
02304829,Load Tester,load4829@example.edu,BIT
02304830,Load Tester,load4830@example.edu,BIT
02304831,Load Tester,load4831@example.edu,BIT
02304832,Load Tester,load4832@example.edu,BIT
02304833,Load Tester,load4833@example.edu,BIT
02304834,Load Tester,load4834@example.edu,BIT
02304835,Load Tester,load4835@example.edu,BIT
02304836,Load Tester,load4836@example.edu,BIT
02304837,Load Tester,load4837@example.edu,BIT
02304838,Load Tester,load4838@example.edu,BIT
02304839,Load Tester,load4839@example.edu,BIT
02304840,Load Tester,load4840@example.edu,BIT
02304841,Load Tester,load4841@example.edu,BIT
02304842,Load Tester,load4842@example.edu,BIT
02304843,Load Tester,load4843@example.edu,BIT
02304844,Load Tester,load4844@example.edu,BIT
02304845,Load Tester,load4845@example.edu,BIT
02304846,Load Tester,load4846@example.edu,BIT
02304847,Load Tester,load4847@example.edu,BIT
02304848,Load Tester,load4848@example.edu,BIT
02304849,Load Tester,load4849@example.edu,BIT
02304850,Load Tester,load4850@example.edu,BIT
02304851,Load Tester,load4851@example.edu,BIT
02304852,Load Tester,load4852@example.edu,BIT
02304853,Load Tester,load4853@example.edu,BIT
02304854,Load Tester,load4854@example.edu,BIT
02304855,Load Tester,load4855@example.edu,BIT
02304856,Load Tester,load4856@example.edu,BIT
02304857,Load Tester,load4857@example.edu,BIT
02304858,Load Tester,load4858@example.edu,BIT
02304859,Load Tester,load4859@example.edu,BIT
02304860,Load Tester,load4860@example.edu,BIT
02304861,Load Tester,load4861@example.edu,BIT
02304862,Load Tester,load4862@example.edu,BIT
02304863,Load Tester,load4863@example.edu,BIT
02304864,Load Tester,load4864@example.edu,BIT
02304865,Load Tester,load4865@example.edu,BIT
02304866,Load Tester,load4866@example.edu,BIT
02304867,Load Tester,load4867@example.edu,BIT
02304868,Load Tester,load4868@example.edu,BIT
02304869,Load Tester,load4869@example.edu,BIT
02304870,Load Tester,load4870@example.edu,BIT
02304871,Load Tester,load4871@example.edu,BIT
02304872,Load Tester,load4872@example.edu,BIT
02304873,Load Tester,load4873@example.edu,BIT
02304874,Load Tester,load4874@example.edu,BIT
02304875,Load Tester,load4875@example.edu,BIT
02304876,Load Tester,load4876@example.edu,BIT
02304877,Load Tester,load4877@example.edu,BIT
02304878,Load Tester,load4878@example.edu,BIT
02304879,Load Tester,load4879@example.edu,BIT
02304880,Load Tester,load4880@example.edu,BIT
02304881,Load Tester,load4881@example.edu,BIT
02304882,Load Tester,load4882@example.edu,BIT
02304883,Load Tester,load4883@example.edu,BIT
02304884,Load Tester,load4884@example.edu,BIT
02304885,Load Tester,load4885@example.edu,BIT
02304886,Load Tester,load4886@example.edu,BIT
02304887,Load Tester,load4887@example.edu,BIT
02304888,Load Tester,load4888@example.edu,BIT
02304889,Load Tester,load4889@example.edu,BIT
02304890,Load Tester,load4890@example.edu,BIT
02304891,Load Tester,load4891@example.edu,BIT
02304892,Load Tester,load4892@example.edu,BIT
02304893,Load Tester,load4893@example.edu,BIT
02304894,Load Tester,load4894@example.edu,BIT
02304895,Load Tester,load4895@example.edu,BIT
02304896,Load Tester,load4896@example.edu,BIT
02304897,Load Tester,load4897@example.edu,BIT
02304898,Load Tester,load4898@example.edu,BIT
02304899,Load Tester,load4899@example.edu,BIT
02304900,Load Tester,load4900@example.edu,BIT
02304901,Load Tester,load4901@example.edu,BIT
02304902,Load Tester,load4902@example.edu,BIT
02304903,Load Tester,load4903@example.edu,BIT
02304904,Load Tester,load4904@example.edu,BIT
02304905,Load Tester,load4905@example.edu,BIT
02304906,Load Tester,load4906@example.edu,BIT
02304907,Load Tester,load4907@example.edu,BIT
02304908,Load Tester,load4908@example.edu,BIT
02304909,Load Tester,load4909@example.edu,BIT
02304910,Load Tester,load4910@example.edu,BIT
02304911,Load Tester,load4911@example.edu,BIT
02304912,Load Tester,load4912@example.edu,BIT
02304913,Load Tester,load4913@example.edu,BIT
02304914,Load Tester,load4914@example.edu,BIT
02304915,Load Tester,load4915@example.edu,BIT
02304916,Load Tester,load4916@example.edu,BIT
02304917,Load Tester,load4917@example.edu,BIT
02304918,Load Tester,load4918@example.edu,BIT
02304919,Load Tester,load4919@example.edu,BIT
02304920,Load Tester,load4920@example.edu,BIT
02304921,Load Tester,load4921@example.edu,BIT
02304922,Load Tester,load4922@example.edu,BIT
02304923,Load Tester,load4923@example.edu,BIT
02304924,Load Tester,load4924@example.edu,BIT
02304925,Load Tester,load4925@example.edu,BIT
02304926,Load Tester,load4926@example.edu,BIT
02304927,Load Tester,load4927@example.edu,BIT
02304928,Load Tester,load4928@example.edu,BIT
02304929,Load Tester,load4929@example.edu,BIT
02304930,Load Tester,load4930@example.edu,BIT
02304931,Load Tester,load4931@example.edu,BIT
02304932,Load Tester,load4932@example.edu,BIT
02304933,Load Tester,load4933@example.edu,BIT
02304934,Load Tester,load4934@example.edu,BIT
02304935,Load Tester,load4935@example.edu,BIT
02304936,Load Tester,load4936@example.edu,BIT
02304937,Load Tester,load4937@example.edu,BIT
02304938,Load Tester,load4938@example.edu,BIT
02304939,Load Tester,load4939@example.edu,BIT
02304940,Load Tester,load4940@example.edu,BIT
02304941,Load Tester,load4941@example.edu,BIT
02304942,Load Tester,load4942@example.edu,BIT
02304943,Load Tester,load4943@example.edu,BIT
02304944,Load Tester,load4944@example.edu,BIT
02304945,Load Tester,load4945@example.edu,BIT
02304946,Load Tester,load4946@example.edu,BIT
02304947,Load Tester,load4947@example.edu,BIT
02304948,Load Tester,load4948@example.edu,BIT
02304949,Load Tester,load4949@example.edu,BIT
02304950,Load Tester,load4950@example.edu,BIT
02304951,Load Tester,load4951@example.edu,BIT
02304952,Load Tester,load4952@example.edu,BIT
02304953,Load Tester,load4953@example.edu,BIT
02304954,Load Tester,load4954@example.edu,BIT
02304955,Load Tester,load4955@example.edu,BIT
02304956,Load Tester,load4956@example.edu,BIT
02304957,Load Tester,load4957@example.edu,BIT
02304958,Load Tester,load4958@example.edu,BIT
02304959,Load Tester,load4959@example.edu,BIT
02304960,Load Tester,load4960@example.edu,BIT
02304961,Load Tester,load4961@example.edu,BIT
02304962,Load Tester,load4962@example.edu,BIT
02304963,Load Tester,load4963@example.edu,BIT
02304964,Load Tester,load4964@example.edu,BIT
02304965,Load Tester,load4965@example.edu,BIT
02304966,Load Tester,load4966@example.edu,BIT
02304967,Load Tester,load4967@example.edu,BIT
02304968,Load Tester,load4968@example.edu,BIT
02304969,Load Tester,load4969@example.edu,BIT
02304970,Load Tester,load4970@example.edu,BIT
02304971,Load Tester,load4971@example.edu,BIT
02304972,Load Tester,load4972@example.edu,BIT
02304973,Load Tester,load4973@example.edu,BIT
02304974,Load Tester,load4974@example.edu,BIT
02304975,Load Tester,load4975@example.edu,BIT
02304976,Load Tester,load4976@example.edu,BIT
02304977,Load Tester,load4977@example.edu,BIT
02304978,Load Tester,load4978@example.edu,BIT
02304979,Load Tester,load4979@example.edu,BIT
02304980,Load Tester,load4980@example.edu,BIT
02304981,Load Tester,load4981@example.edu,BIT
02304982,Load Tester,load4982@example.edu,BIT
02304983,Load Tester,load4983@example.edu,BIT
02304984,Load Tester,load4984@example.edu,BIT
02304985,Load Tester,load4985@example.edu,BIT
02304986,Load Tester,load4986@example.edu,BIT
02304987,Load Tester,load4987@example.edu,BIT
02304988,Load Tester,load4988@example.edu,BIT
02304989,Load Tester,load4989@example.edu,BIT
02304990,Load Tester,load4990@example.edu,BIT
02304991,Load Tester,load4991@example.edu,BIT
02304992,Load Tester,load4992@example.edu,BIT
02304993,Load Tester,load4993@example.edu,BIT
02304994,Load Tester,load4994@example.edu,BIT
02304995,Load Tester,load4995@example.edu,BIT
02304996,Load Tester,load4996@example.edu,BIT
02304997,Load Tester,load4997@example.edu,BIT
02304998,Load Tester,load4998@example.edu,BIT
02304999,Load Tester,load4999@example.edu,BIT
02305000,Load Tester,load5000@example.edu,BIT
